user_id,shop_id,use_dt,price,discount,pay_method,label,probability,predicted_label,classification_type
1003,3,2023-09-17 01:53:49.467330,360.0,78.0,card,0,0.338,0,TN
1000,1,2023-10-06 00:49:36.952100,173.0,11.0,QR,0,0.047,0,TN
1010,2,2023-10-04 11:26:33.192969,476.0,46.0,QR,0,0.434,0,TN
1002,2,2023-11-23 04:13:06.825498,449.0,16.0,QR,0,0.059,0,TN
1010,2,2023-09-26 03:09:37.333185,225.0,39.0,card,0,0.569,1,FP
1007,2,2023-11-23 09:54:58.110946,370.0,55.0,QR,0,0.045,0,TN
1004,2,2023-09-13 17:24:14.935452,252.0,4.0,QR,0,0.226,0,TN
1001,1,2023-09-12 11:04:19.404268,289.0,23.0,card,0,0.383,0,TN
1006,1,2023-12-01 11:34:07.801095,336.0,44.0,cash,0,0.264,0,TN
1000,1,2023-11-02 10:08:08.122622,399.0,67.0,cash,0,0.072,0,TN
1005,3,2023-10-12 19:41:25.972190,101.0,12.0,card,0,0.273,0,TN
1005,3,2023-12-04 09:22:17.608097,158.0,45.0,card,0,0.454,0,TN
1002,3,2023-09-01 18:16:18.300765,335.0,31.0,card,0,0.367,0,TN
1003,2,2023-10-02 23:17:39.127632,261.0,3.0,cash,0,0.34,0,TN
1005,1,2023-10-31 14:05:14.705366,485.0,129.0,QR,0,0.039,0,TN
1008,3,2023-10-23 01:04:22.806064,277.0,20.0,QR,0,0.484,0,TN
1003,3,2023-10-25 22:06:27.399169,165.0,48.0,cash,0,0.474,0,TN
1002,3,2023-09-27 05:04:55.920417,300.0,8.0,QR,0,0.551,1,FP
1008,3,2023-10-27 10:10:48.825956,192.0,7.0,cash,0,0.468,0,TN
1000,2,2023-09-09 03:39:40.845700,210.0,7.0,card,0,0.227,0,TN
1001,2,2023-09-11 01:57:59.786893,213.0,45.0,card,0,0.522,1,FP
1000,2,2023-11-18 18:30:51.412464,271.0,3.0,cash,0,0.365,0,TN
1009,2,2023-11-28 14:15:30.440993,422.0,90.0,card,0,0.182,0,TN
1009,1,2023-09-12 18:15:06.589141,230.0,55.0,card,0,0.019,0,TN
1003,3,2023-10-17 15:41:35.273468,394.0,49.0,cash,0,0.037,0,TN
1010,3,2023-11-17 11:46:39.038978,491.0,95.0,card,0,0.007,0,TN
1006,3,2023-11-23 22:40:23.935797,189.0,35.0,QR,0,0.32,0,TN
1007,3,2023-11-23 01:57:12.514281,500.0,135.0,QR,0,0.101,0,TN
1002,3,2023-10-01 03:04:20.830983,364.0,35.0,QR,0,0.473,0,TN
1003,1,2023-10-27 19:08:54.246121,267.0,57.0,QR,0,0.061,0,TN
1004,3,2023-09-22 21:51:04.841321,410.0,36.0,cash,0,0.356,0,TN
1010,2,2023-11-17 07:06:54.085440,272.0,22.0,card,0,0.069,0,TN
1009,2,2023-09-23 21:17:17.687040,287.0,32.0,QR,0,0.131,0,TN
1010,3,2023-09-13 05:18:35.795998,121.0,21.0,card,0,0.148,0,TN
1004,3,2023-09-29 07:09:43.169589,459.0,123.0,card,0,0.398,0,TN
1008,3,2023-11-02 00:36:19.995293,113.0,8.0,cash,0,0.142,0,TN
1001,1,2023-11-13 12:24:46.192017,434.0,79.0,cash,0,0.038,0,TN
1008,2,2023-10-02 09:09:20.476983,497.0,127.0,QR,0,0.512,1,FP
1008,3,2023-11-18 09:19:38.945534,410.0,98.0,card,0,0.303,0,TN
1005,1,2023-09-13 07:27:28.055282,473.0,113.0,cash,0,0.502,1,FP
1006,2,2023-09-19 23:15:39.810785,29.0,5.0,cash,0,0.32,0,TN
1004,3,2023-10-14 10:20:02.754080,187.0,22.0,QR,0,0.485,0,TN
1005,1,2023-10-14 07:25:55.224970,267.0,52.0,card,0,0.384,0,TN
1009,1,2023-11-12 07:32:16.692832,192.0,38.0,QR,0,0.392,0,TN
1005,1,2023-10-01 10:37:57.136358,78.0,22.0,cash,0,0.074,0,TN
1002,1,2023-10-09 18:48:25.665651,20.0,1.0,QR,0,0.006,0,TN
1004,1,2023-09-20 12:27:26.188336,386.0,105.0,card,0,0.422,0,TN
1004,3,2023-10-29 23:34:46.850045,370.0,18.0,card,0,0.251,0,TN
1006,1,2023-10-03 03:16:16.559610,195.0,45.0,card,0,0.37,0,TN
1002,1,2023-11-21 20:21:42.693803,85.0,2.0,card,0,0.564,1,FP
1009,2,2023-09-24 16:37:36.933925,459.0,53.0,cash,0,0.012,0,TN
1007,2,2023-10-08 01:44:35.296155,439.0,53.0,QR,0,0.464,0,TN
1005,1,2023-11-17 16:15:08.165484,463.0,84.0,cash,0,0.031,0,TN
1007,2,2023-09-17 05:07:50.808995,491.0,77.0,cash,0,0.394,0,TN
1007,2,2023-10-15 19:39:09.560536,296.0,57.0,card,0,0.16,0,TN
1004,3,2023-10-15 01:23:21.528530,147.0,44.0,card,0,0.107,0,TN
1007,1,2023-10-30 08:43:31.545649,342.0,38.0,card,0,0.599,1,FP
1002,1,2023-09-26 17:09:52.124065,423.0,38.0,QR,0,0.071,0,TN
1006,3,2023-09-06 04:17:24.698992,29.0,8.0,QR,0,0.397,0,TN
1008,3,2023-12-01 15:23:11.941581,144.0,28.0,cash,0,0.122,0,TN
1005,3,2023-10-08 00:47:47.261038,46.0,6.0,cash,0,0.467,0,TN
1007,1,2023-10-15 14:12:26.228991,183.0,30.0,cash,0,0.448,0,TN
1009,2,2023-09-09 16:35:21.917107,466.0,34.0,QR,0,0.159,0,TN
1006,2,2023-09-28 13:04:36.805599,72.0,10.0,cash,0,0.281,0,TN
1000,1,2023-10-26 13:24:56.563871,417.0,45.0,QR,0,0.599,1,FP
1003,2,2023-11-16 21:34:23.114842,60.0,5.0,cash,0,0.1,0,TN
1007,1,2023-10-25 19:23:25.219480,390.0,88.0,card,0,0.419,0,TN
1003,2,2023-09-22 01:50:32.362318,271.0,35.0,card,0,0.147,0,TN
1003,1,2023-09-16 14:18:13.455311,209.0,42.0,QR,0,0.2,0,TN
1003,3,2023-10-11 20:19:11.416494,104.0,0.0,card,0,0.441,0,TN
1008,1,2023-10-16 08:52:40.205951,377.0,106.0,cash,0,0.317,0,TN
1000,1,2023-11-16 15:32:04.145984,312.0,27.0,card,0,0.321,0,TN
1010,1,2023-11-11 17:34:11.707238,315.0,23.0,QR,0,0.474,0,TN
1000,2,2023-11-09 03:18:38.604825,472.0,128.0,cash,0,0.13,0,TN
1003,2,2023-09-30 21:31:59.699767,151.0,14.0,QR,0,0.216,0,TN
1006,1,2023-11-19 08:08:45.120727,47.0,12.0,cash,0,0.382,0,TN
1003,2,2023-10-18 08:23:37.375324,63.0,8.0,QR,0,0.333,0,TN
1003,3,2023-09-19 21:58:11.318673,191.0,8.0,card,0,0.302,0,TN
1009,3,2023-11-09 12:33:03.884863,365.0,12.0,cash,0,0.076,0,TN
1003,3,2023-10-16 18:10:04.494145,395.0,110.0,card,0,0.5,1,FP
1003,3,2023-10-20 21:21:24.055204,23.0,6.0,QR,0,0.569,1,FP
1009,1,2023-09-15 13:44:31.500869,304.0,41.0,cash,0,0.367,0,TN
1009,1,2023-10-04 04:25:46.713852,342.0,77.0,QR,0,0.492,0,TN
1003,2,2023-09-30 02:50:19.590315,136.0,11.0,QR,0,0.281,0,TN
1005,1,2023-09-24 19:35:57.816140,55.0,4.0,cash,0,0.518,1,FP
1001,1,2023-11-07 01:58:50.514341,177.0,49.0,cash,0,0.557,1,FP
1008,2,2023-09-27 08:05:55.315149,187.0,7.0,QR,0,0.546,1,FP
1005,1,2023-11-11 16:33:07.318001,455.0,96.0,cash,0,0.596,1,FP
1000,3,2023-09-21 19:33:10.490228,420.0,96.0,cash,0,0.519,1,FP
1009,1,2023-10-15 09:09:50.904995,310.0,78.0,QR,0,0.353,0,TN
1009,3,2023-10-17 11:08:45.765437,460.0,99.0,QR,0,0.593,1,FP
1000,3,2023-09-25 07:06:00.297751,460.0,134.0,card,0,0.143,0,TN
1003,1,2023-11-20 18:48:39.757257,42.0,6.0,card,0,0.207,0,TN
1000,1,2023-10-02 18:18:44.586714,51.0,7.0,card,0,0.588,1,FP
1002,3,2023-12-03 12:25:29.864064,404.0,115.0,card,0,0.581,1,FP
1008,2,2023-09-03 17:31:40.599044,73.0,1.0,QR,0,0.182,0,TN
1007,1,2023-12-01 04:06:43.526494,470.0,137.0,cash,0,0.312,0,TN
1000,2,2023-11-26 10:17:56.295325,291.0,23.0,card,0,0.461,0,TN
1006,3,2023-09-04 10:43:20.431704,381.0,51.0,QR,0,0.037,0,TN
1010,1,2023-10-16 21:50:42.862679,444.0,6.0,cash,0,0.35,0,TN
1003,1,2023-11-22 15:02:10.831136,89.0,16.0,QR,0,0.013,0,TN
1004,1,2023-10-17 19:54:08.334884,415.0,30.0,cash,0,0.065,0,TN
1001,1,2023-09-03 00:27:17.944334,135.0,10.0,cash,0,0.483,0,TN
1009,1,2023-09-18 06:34:33.217887,411.0,86.0,QR,0,0.469,0,TN
1002,2,2023-11-12 01:46:28.941798,199.0,19.0,QR,0,0.035,0,TN
1002,2,2023-09-01 16:36:10.545001,23.0,5.0,card,0,0.452,0,TN
1006,3,2023-10-18 11:10:23.218402,414.0,7.0,QR,0,0.595,1,FP
1006,1,2023-10-26 12:53:05.691774,156.0,22.0,cash,0,0.195,0,TN
1006,1,2023-12-03 11:28:10.416083,139.0,20.0,cash,0,0.201,0,TN
1005,2,2023-10-10 14:42:28.495011,316.0,67.0,cash,0,0.379,0,TN
1008,3,2023-11-06 06:54:16.816287,403.0,104.0,cash,0,0.554,1,FP
1001,3,2023-12-02 12:06:47.015489,328.0,37.0,cash,0,0.109,0,TN
1003,1,2023-11-12 08:42:00.692814,325.0,12.0,card,0,0.214,0,TN
1009,1,2023-09-13 21:36:05.986163,135.0,35.0,card,0,0.427,0,TN
1000,3,2023-11-03 11:28:42.403747,492.0,101.0,cash,0,0.143,0,TN
1000,1,2023-09-15 06:44:45.390460,236.0,6.0,cash,0,0.025,0,TN
1002,1,2023-09-11 08:31:55.358542,118.0,33.0,card,0,0.254,0,TN
1003,2,2023-11-25 00:12:44.410505,44.0,6.0,QR,0,0.287,0,TN
1002,3,2023-10-21 03:18:52.508875,334.0,55.0,card,0,0.534,1,FP
1001,3,2023-11-28 14:02:32.901105,89.0,20.0,QR,0,0.307,0,TN
1005,1,2023-11-01 23:03:39.140163,483.0,7.0,card,0,0.476,0,TN
1003,1,2023-10-20 00:30:29.813954,433.0,11.0,QR,0,0.361,0,TN
1010,1,2023-11-27 18:51:31.265423,210.0,49.0,card,0,0.473,0,TN
1007,2,2023-11-01 22:49:07.869751,281.0,46.0,QR,0,0.016,0,TN
1006,2,2023-11-12 07:40:29.840686,194.0,35.0,card,0,0.059,0,TN
1010,3,2023-10-16 06:42:07.457558,376.0,35.0,QR,0,0.291,0,TN
1008,3,2023-11-24 05:23:59.242246,230.0,49.0,card,0,0.35,0,TN
1004,3,2023-09-03 18:29:52.275095,153.0,21.0,card,0,0.55,1,FP
1007,3,2023-10-11 06:39:30.269843,158.0,27.0,cash,0,0.014,0,TN
1004,3,2023-09-16 15:11:33.570694,371.0,59.0,card,0,0.182,0,TN
1003,1,2023-10-04 00:48:04.512859,171.0,21.0,QR,0,0.07,0,TN
1005,2,2023-09-18 03:45:59.174449,62.0,8.0,cash,0,0.342,0,TN
1007,1,2023-10-09 13:29:27.421785,96.0,27.0,cash,0,0.584,1,FP
1007,1,2023-10-11 09:42:29.965784,389.0,84.0,QR,0,0.287,0,TN
1010,2,2023-10-31 02:35:39.244120,486.0,141.0,QR,0,0.379,0,TN
1008,1,2023-11-25 03:12:26.646390,41.0,7.0,card,0,0.24,0,TN
1006,3,2023-11-14 00:00:29.230744,215.0,52.0,card,0,0.569,1,FP
1010,3,2023-10-18 23:19:45.478910,12.0,0.0,card,0,0.263,0,TN
1002,3,2023-09-08 05:11:22.876842,326.0,58.0,card,0,0.187,0,TN
1003,2,2023-09-08 17:11:12.006635,119.0,21.0,card,0,0.467,0,TN
1006,2,2023-10-20 19:40:04.573181,465.0,40.0,card,0,0.277,0,TN
1005,1,2023-10-16 00:35:03.250945,492.0,81.0,QR,0,0.087,0,TN
1003,3,2023-09-22 13:21:15.461796,438.0,17.0,card,0,0.261,0,TN
1000,3,2023-10-30 06:50:01.530884,290.0,82.0,cash,0,0.417,0,TN
1004,2,2023-09-21 02:05:54.059212,434.0,121.0,cash,0,0.488,0,TN
1005,3,2023-09-22 01:11:46.387707,184.0,30.0,QR,0,0.177,0,TN
1010,2,2023-10-26 20:09:07.429219,140.0,7.0,cash,0,0.101,0,TN
1007,1,2023-10-13 03:36:20.306755,22.0,3.0,cash,0,0.301,0,TN
1004,3,2023-10-08 19:14:35.078271,163.0,1.0,card,0,0.565,1,FP
1008,2,2023-10-09 15:32:43.160814,485.0,85.0,cash,0,0.384,0,TN
1002,1,2023-10-15 19:06:39.813629,393.0,99.0,card,0,0.024,0,TN
1002,3,2023-09-03 11:46:34.607681,20.0,0.0,card,0,0.162,0,TN
1005,3,2023-10-26 06:13:17.055324,305.0,28.0,cash,0,0.029,0,TN
1009,2,2023-09-21 01:25:39.159721,321.0,58.0,QR,0,0.446,0,TN
1001,2,2023-10-07 23:11:38.807846,22.0,4.0,cash,0,0.399,0,TN
1001,2,2023-09-02 08:07:52.258720,127.0,15.0,QR,0,0.201,0,TN
1001,1,2023-10-29 21:07:00.386952,449.0,103.0,cash,0,0.189,0,TN
1007,1,2023-10-06 10:54:04.045836,206.0,39.0,cash,0,0.391,0,TN
1003,3,2023-11-03 03:59:25.954689,310.0,58.0,card,0,0.285,0,TN
1008,3,2023-09-18 17:30:18.803872,162.0,29.0,cash,0,0.203,0,TN
1002,3,2023-11-27 02:46:12.120087,35.0,8.0,QR,0,0.454,0,TN
1002,2,2023-10-12 13:31:27.887853,59.0,15.0,QR,0,0.042,0,TN
1010,2,2023-11-02 11:23:02.006363,343.0,3.0,card,0,0.267,0,TN
1001,3,2023-10-25 08:06:07.475960,121.0,22.0,card,0,0.348,0,TN
1005,2,2023-10-11 07:43:58.870102,379.0,70.0,QR,0,0.317,0,TN
1003,3,2023-10-11 21:23:03.628701,362.0,94.0,QR,0,0.151,0,TN
1010,1,2023-09-07 06:35:30.245014,71.0,5.0,QR,0,0.096,0,TN
1008,1,2023-11-07 07:18:54.772501,457.0,28.0,QR,0,0.38,0,TN
1009,3,2023-10-07 04:56:26.460735,377.0,104.0,card,0,0.443,0,TN
1003,1,2023-09-02 05:58:41.134534,61.0,11.0,card,0,0.58,1,FP
1010,2,2023-09-07 19:04:17.258917,290.0,41.0,QR,0,0.308,0,TN
1001,2,2023-10-01 01:56:03.722096,359.0,21.0,card,0,0.336,0,TN
1003,2,2023-10-12 18:55:43.185710,198.0,32.0,cash,0,0.276,0,TN
1004,1,2023-09-27 18:46:43.677528,164.0,45.0,cash,0,0.455,0,TN
1009,3,2023-10-12 03:21:09.855072,431.0,70.0,QR,0,0.437,0,TN
1001,1,2023-11-09 22:47:55.430741,435.0,39.0,cash,0,0.013,0,TN
1009,3,2023-10-04 21:30:09.132724,238.0,3.0,cash,0,0.161,0,TN
1003,2,2023-09-25 10:41:28.639234,93.0,11.0,QR,0,0.306,0,TN
1000,1,2023-10-17 03:48:01.044882,416.0,61.0,QR,0,0.17,0,TN
1005,1,2023-10-25 20:46:54.791451,190.0,43.0,QR,0,0.036,0,TN
1003,2,2023-09-04 07:18:00.827268,367.0,99.0,QR,0,0.485,0,TN
1005,1,2023-12-03 15:58:49.307627,85.0,4.0,card,0,0.448,0,TN
1009,3,2023-10-24 07:39:24.920871,56.0,13.0,QR,0,0.314,0,TN
1002,1,2023-09-26 23:29:06.377998,36.0,9.0,cash,0,0.004,0,TN
1006,3,2023-10-15 20:58:42.345107,366.0,9.0,cash,0,0.322,0,TN
1009,3,2023-10-15 17:10:22.866505,421.0,81.0,card,0,0.19,0,TN
1010,3,2023-10-30 04:03:38.020272,69.0,6.0,card,0,0.378,0,TN
1007,2,2023-10-24 00:18:34.588802,63.0,10.0,card,0,0.318,0,TN
1007,1,2023-11-17 11:25:27.130762,125.0,16.0,cash,0,0.086,0,TN
1006,2,2023-11-12 19:51:18.412234,366.0,32.0,card,0,0.332,0,TN
1006,1,2023-11-13 18:54:53.381151,306.0,19.0,QR,0,0.461,0,TN
1004,3,2023-12-01 00:07:25.149286,343.0,37.0,cash,0,0.078,0,TN
1003,2,2023-09-07 12:47:27.540849,468.0,84.0,QR,0,0.246,0,TN
1009,1,2023-09-08 22:54:13.637989,165.0,17.0,cash,0,0.08,0,TN
1002,2,2023-09-04 14:57:57.013779,129.0,13.0,card,0,0.105,0,TN
1001,1,2023-09-12 11:02:44.839369,464.0,49.0,cash,0,0.01,0,TN
1003,3,2023-10-15 10:53:28.250455,333.0,8.0,QR,0,0.143,0,TN
1008,2,2023-11-01 22:51:38.120082,324.0,31.0,cash,0,0.487,0,TN
1005,1,2023-11-24 17:22:04.346592,431.0,20.0,card,0,0.316,0,TN
1008,2,2023-11-08 12:47:29.802739,184.0,19.0,cash,0,0.28,0,TN
1006,2,2023-11-17 23:16:32.146350,215.0,47.0,QR,0,0.451,0,TN
1002,3,2023-10-16 05:55:27.752629,129.0,12.0,cash,0,0.082,0,TN
1001,2,2023-11-23 00:39:25.750355,132.0,16.0,cash,0,0.234,0,TN
1005,1,2023-11-28 02:16:43.798954,394.0,0.0,QR,0,0.328,0,TN
1010,2,2023-09-30 20:33:42.290167,173.0,36.0,QR,0,0.192,0,TN
1006,1,2023-09-12 01:41:49.205912,168.0,22.0,card,0,0.265,0,TN
1002,3,2023-10-08 14:15:26.506031,485.0,126.0,QR,0,0.012,0,TN
1007,2,2023-11-05 17:15:41.186278,406.0,18.0,card,0,0.215,0,TN
1009,3,2023-10-14 10:54:20.530346,59.0,7.0,QR,0,0.197,0,TN
1010,3,2023-11-03 09:15:51.445158,412.0,92.0,card,0,0.41,0,TN
1007,2,2023-10-16 13:09:30.565672,276.0,8.0,QR,0,0.418,0,TN
1008,2,2023-10-19 02:16:03.830317,241.0,33.0,QR,0,0.379,0,TN
1006,3,2023-11-01 20:08:07.688606,356.0,25.0,QR,0,0.135,0,TN
1005,3,2023-11-11 21:18:53.025451,271.0,77.0,cash,0,0.527,1,FP
1002,1,2023-11-26 23:57:56.450192,339.0,37.0,cash,0,0.032,0,TN
1000,2,2023-11-28 06:39:35.496879,434.0,1.0,card,0,0.532,1,FP
1002,1,2023-09-20 20:11:29.639480,387.0,13.0,QR,0,0.039,0,TN
1005,3,2023-11-16 00:17:16.617924,111.0,20.0,cash,0,0.339,0,TN
1008,1,2023-10-12 03:47:23.995174,24.0,7.0,card,0,0.04,0,TN
1000,3,2023-10-28 17:45:19.700412,252.0,53.0,card,0,0.415,0,TN
1003,1,2023-10-17 05:27:20.388162,395.0,10.0,QR,0,0.134,0,TN
1006,1,2023-09-06 10:30:02.447152,128.0,31.0,QR,0,0.238,0,TN
1004,1,2023-11-22 17:38:15.807081,82.0,10.0,QR,0,0.442,0,TN
1007,2,2023-10-30 18:58:16.439811,60.0,15.0,QR,0,0.006,0,TN
1004,1,2023-10-12 12:00:49.925486,176.0,11.0,card,0,0.547,1,FP
1002,1,2023-09-03 02:32:56.044224,308.0,3.0,card,0,0.401,0,TN
1010,2,2023-12-02 14:15:38.710951,253.0,5.0,card,0,0.241,0,TN
1000,3,2023-11-05 07:00:45.526042,252.0,57.0,card,0,0.381,0,TN
1004,2,2023-10-25 09:58:12.906954,55.0,0.0,cash,0,0.208,0,TN
1007,2,2023-10-07 16:08:45.395164,97.0,5.0,cash,0,0.199,0,TN
1000,3,2023-09-14 21:46:53.131509,81.0,23.0,cash,0,0.512,1,FP
1002,2,2023-09-18 04:36:46.653163,99.0,23.0,card,0,0.145,0,TN
1009,3,2023-09-05 17:27:44.181237,376.0,89.0,cash,0,0.275,0,TN
1008,2,2023-09-28 07:14:26.620533,115.0,32.0,card,0,0.305,0,TN
1002,1,2023-10-18 05:43:00.263277,375.0,11.0,cash,0,0.106,0,TN
1008,2,2023-09-06 05:39:00.448316,66.0,15.0,cash,0,0.433,0,TN
1006,3,2023-11-16 19:13:45.565790,301.0,60.0,cash,0,0.054,0,TN
1007,1,2023-10-30 05:46:05.424296,351.0,42.0,card,0,0.429,0,TN
1005,2,2023-11-27 00:15:18.176985,245.0,72.0,QR,0,0.492,0,TN
1003,3,2023-11-12 02:17:22.585418,491.0,10.0,card,0,0.506,1,FP
1003,1,2023-09-08 02:18:34.182095,231.0,8.0,card,0,0.162,0,TN
1007,2,2023-11-07 14:46:25.580876,419.0,100.0,QR,0,0.205,0,TN
1001,1,2023-12-03 07:24:59.635672,118.0,3.0,QR,0,0.135,0,TN
1005,3,2023-11-09 05:25:53.932801,93.0,13.0,QR,0,0.116,0,TN
1010,1,2023-11-16 18:01:34.124756,152.0,27.0,QR,0,0.153,0,TN
1000,2,2023-10-03 07:03:59.973420,110.0,13.0,cash,0,0.578,1,FP
1001,2,2023-10-22 14:25:25.279228,57.0,8.0,card,0,0.085,0,TN
1003,1,2023-11-30 04:14:44.065302,445.0,9.0,cash,0,0.47,0,TN
1001,3,2023-10-02 20:32:04.745114,294.0,6.0,QR,0,0.53,1,FP
1006,3,2023-10-24 10:20:30.797833,270.0,19.0,card,0,0.097,0,TN
1007,1,2023-10-31 17:56:28.127981,369.0,68.0,card,0,0.05,0,TN
1010,3,2023-09-26 11:26:35.720128,470.0,115.0,QR,0,0.001,0,TN
1004,2,2023-11-27 06:02:57.342815,253.0,9.0,cash,0,0.369,0,TN
1010,3,2023-09-12 08:38:57.702211,459.0,40.0,cash,0,0.52,1,FP
1003,3,2023-09-15 11:22:01.720157,49.0,2.0,cash,0,0.411,0,TN
1004,1,2023-12-03 02:37:51.892215,213.0,34.0,cash,0,0.326,0,TN
1004,3,2023-10-05 23:55:31.969689,72.0,4.0,QR,0,0.494,0,TN
1000,3,2023-10-29 09:33:17.704712,60.0,7.0,card,0,0.319,0,TN
1002,2,2023-12-04 05:43:06.548213,189.0,50.0,QR,0,0.321,0,TN
1009,1,2023-11-20 14:11:19.042800,246.0,65.0,cash,0,0.159,0,TN
1007,3,2023-10-08 13:15:35.856499,385.0,76.0,cash,0,0.301,0,TN
1009,3,2023-09-30 06:12:56.614519,373.0,101.0,QR,0,0.38,0,TN
1004,3,2023-09-25 03:01:24.125370,460.0,77.0,card,0,0.008,0,TN
1006,2,2023-09-12 21:13:38.018702,488.0,76.0,cash,0,0.1,0,TN
1003,1,2023-10-09 05:11:57.485172,23.0,3.0,QR,0,0.328,0,TN
1003,2,2023-10-17 14:51:08.591578,443.0,20.0,cash,0,0.437,0,TN
1001,2,2023-10-09 01:37:52.300889,287.0,71.0,cash,0,0.481,0,TN
1005,1,2023-12-04 06:32:58.281320,78.0,2.0,QR,0,0.547,1,FP
1006,1,2023-11-01 22:37:14.673415,425.0,37.0,QR,0,0.124,0,TN
1009,1,2023-12-02 03:00:00.590359,194.0,50.0,QR,0,0.32,0,TN
1003,3,2023-10-26 09:15:06.910381,164.0,47.0,QR,0,0.203,0,TN
1009,2,2023-12-02 12:33:44.660053,258.0,55.0,QR,0,0.56,1,FP
1009,3,2023-11-16 22:03:31.727040,381.0,96.0,QR,0,0.055,0,TN
1010,1,2023-10-06 05:17:08.351772,125.0,3.0,cash,0,0.034,0,TN
1004,2,2023-10-07 18:10:54.739198,114.0,12.0,QR,0,0.492,0,TN
1007,3,2023-12-01 05:32:56.608629,64.0,18.0,QR,0,0.301,0,TN
1002,2,2023-11-12 14:08:31.080544,57.0,9.0,cash,0,0.317,0,TN
1006,2,2023-10-04 07:58:16.663932,183.0,35.0,QR,0,0.446,0,TN
1004,2,2023-12-03 22:30:56.536480,224.0,17.0,card,0,0.141,0,TN
1008,1,2023-11-14 20:05:10.136471,127.0,21.0,QR,0,0.354,0,TN
1009,1,2023-09-25 18:01:17.860847,488.0,23.0,cash,0,0.168,0,TN
1010,1,2023-10-22 02:38:49.291474,222.0,38.0,card,0,0.024,0,TN
1008,2,2023-11-23 02:39:42.633916,429.0,85.0,QR,0,0.087,0,TN
1003,1,2023-12-03 13:30:01.450642,69.0,1.0,QR,0,0.363,0,TN
1003,2,2023-11-15 22:21:53.908313,264.0,7.0,card,0,0.174,0,TN
1009,1,2023-09-18 23:05:22.822851,332.0,29.0,card,0,0.047,0,TN
1000,2,2023-11-02 14:08:32.446871,370.0,53.0,card,0,0.282,0,TN
1004,3,2023-10-08 03:57:19.740435,418.0,92.0,QR,0,0.21,0,TN
1006,3,2023-11-03 05:27:52.971154,444.0,9.0,QR,0,0.498,0,TN
1010,2,2023-11-23 07:15:06.107987,72.0,17.0,QR,0,0.396,0,TN
1000,2,2023-11-21 06:44:11.482872,208.0,39.0,card,0,0.525,1,FP
1000,3,2023-11-27 19:44:22.937407,354.0,22.0,card,0,0.094,0,TN
1009,2,2023-09-08 22:47:01.682832,287.0,0.0,card,0,0.309,0,TN
1000,1,2023-09-12 20:47:41.034528,437.0,88.0,card,0,0.133,0,TN
1010,1,2023-11-04 23:43:48.387273,206.0,50.0,cash,0,0.528,1,FP
1001,1,2023-09-05 00:04:03.346431,85.0,20.0,card,0,0.469,0,TN
1001,2,2023-09-13 21:28:40.386655,461.0,52.0,cash,0,0.526,1,FP
1009,3,2023-10-21 23:41:44.819807,363.0,36.0,card,0,0.4,0,TN
1001,3,2023-11-29 06:04:08.461550,328.0,5.0,card,0,0.582,1,FP
1002,3,2023-09-11 02:05:07.241955,446.0,20.0,cash,0,0.541,1,FP
1010,1,2023-10-10 16:01:25.045278,94.0,14.0,card,0,0.317,0,TN
1002,3,2023-09-10 15:49:41.134014,163.0,13.0,cash,0,0.049,0,TN
1004,2,2023-12-03 15:34:43.311845,257.0,34.0,card,0,0.256,0,TN
1006,3,2023-10-05 19:20:02.455038,317.0,81.0,card,0,0.362,0,TN
1007,2,2023-09-11 09:35:45.895757,85.0,7.0,QR,0,0.444,0,TN
1004,3,2023-11-09 05:12:49.451977,111.0,27.0,cash,0,0.216,0,TN
1010,1,2023-09-05 22:48:20.059512,440.0,114.0,cash,0,0.143,0,TN
1004,2,2023-09-23 07:06:52.949926,84.0,5.0,card,0,0.005,0,TN
1004,2,2023-10-18 05:02:28.675852,253.0,16.0,card,0,0.53,1,FP
1000,3,2023-09-27 13:27:50.769385,365.0,49.0,cash,0,0.163,0,TN
1009,3,2023-10-21 10:14:35.154211,387.0,81.0,QR,0,0.421,0,TN
1010,3,2023-11-23 15:10:02.117152,317.0,28.0,QR,0,0.172,0,TN
1010,1,2023-10-31 15:08:05.389767,438.0,42.0,card,0,0.149,0,TN
1004,3,2023-11-24 04:27:21.227500,479.0,8.0,cash,0,0.407,0,TN
1006,1,2023-10-25 01:44:24.339832,90.0,13.0,QR,0,0.51,1,FP
1002,2,2023-09-14 14:31:29.182886,39.0,4.0,card,0,0.081,0,TN
1000,3,2023-10-05 03:04:50.815643,343.0,66.0,card,0,0.197,0,TN
1001,3,2023-11-10 10:11:30.336209,450.0,46.0,QR,0,0.197,0,TN
1004,1,2023-11-16 01:02:15.406853,52.0,10.0,cash,0,0.56,1,FP
1000,3,2023-11-24 20:42:01.768658,324.0,85.0,cash,0,0.158,0,TN
1010,2,2023-10-03 00:54:16.886892,72.0,14.0,cash,0,0.548,1,FP
1009,3,2023-12-01 10:44:50.582322,182.0,4.0,cash,0,0.598,1,FP
1006,3,2023-11-22 14:35:25.490628,329.0,59.0,cash,0,0.574,1,FP
1009,3,2023-11-12 15:10:22.332732,135.0,25.0,QR,0,0.306,0,TN
1010,3,2023-10-15 22:28:46.062954,384.0,2.0,cash,0,0.008,0,TN
1009,1,2023-09-14 03:28:12.446194,484.0,44.0,card,0,0.096,0,TN
1007,3,2023-10-24 16:00:44.372045,158.0,39.0,QR,0,0.318,0,TN
1008,3,2023-10-23 22:01:14.319513,390.0,70.0,QR,0,0.411,0,TN
1002,3,2023-09-11 09:27:04.824121,340.0,86.0,card,0,0.485,0,TN
1010,1,2023-10-20 16:30:48.428247,291.0,38.0,cash,0,0.168,0,TN
1009,3,2023-09-11 21:51:27.608953,34.0,4.0,QR,0,0.199,0,TN
1008,3,2023-10-04 22:40:55.735913,350.0,92.0,card,0,0.015,0,TN
1000,3,2023-11-13 01:51:52.907537,34.0,7.0,cash,0,0.229,0,TN
1010,3,2023-09-13 19:40:03.864468,16.0,5.0,cash,0,0.46,0,TN
1009,2,2023-11-21 20:13:09.970987,218.0,23.0,QR,0,0.293,0,TN
1001,1,2023-10-12 13:26:33.224571,313.0,90.0,QR,0,0.549,1,FP
1000,3,2023-10-06 16:03:19.398285,475.0,95.0,card,0,0.431,0,TN
1002,2,2023-10-26 09:19:41.199583,123.0,21.0,card,0,0.134,0,TN
1010,2,2023-10-11 14:00:32.893374,421.0,44.0,cash,0,0.557,1,FP
1001,3,2023-11-13 08:50:29.353791,128.0,14.0,cash,0,0.407,0,TN
1006,3,2023-10-08 17:05:03.438120,495.0,88.0,card,0,0.43,0,TN
1002,1,2023-12-04 11:55:20.841548,137.0,32.0,cash,0,0.243,0,TN
1004,2,2023-10-01 14:20:45.192770,379.0,80.0,QR,0,0.088,0,TN
1006,2,2023-10-30 19:23:55.341170,194.0,29.0,cash,0,0.511,1,FP
1008,3,2023-10-23 17:52:27.237576,178.0,6.0,cash,0,0.221,0,TN
1009,1,2023-10-06 14:57:39.381081,161.0,29.0,card,0,0.539,1,FP
1007,2,2023-11-17 09:14:08.124404,413.0,93.0,cash,0,0.328,0,TN
1007,1,2023-11-17 09:21:50.851500,341.0,25.0,QR,0,0.223,0,TN
1008,1,2023-11-26 03:12:36.472598,214.0,47.0,card,0,0.35,0,TN
1008,3,2023-11-10 06:37:02.305121,383.0,102.0,cash,0,0.373,0,TN
1009,2,2023-10-03 05:15:55.045757,458.0,115.0,card,0,0.366,0,TN
1003,2,2023-10-26 18:11:20.789998,162.0,29.0,QR,0,0.554,1,FP
1007,2,2023-12-01 22:49:04.934610,31.0,0.0,cash,0,0.418,0,TN
1008,3,2023-11-12 17:07:35.280742,125.0,37.0,cash,0,0.155,0,TN
1010,2,2023-09-08 06:20:35.795784,373.0,34.0,cash,0,0.013,0,TN
1002,2,2023-08-31 21:40:12.261282,113.0,31.0,QR,0,0.078,0,TN
1009,3,2023-09-19 06:50:50.253822,137.0,23.0,card,0,0.28,0,TN
1009,3,2023-10-28 01:51:15.685386,224.0,17.0,QR,0,0.564,1,FP
1000,3,2023-11-16 17:20:57.757264,226.0,8.0,cash,0,0.06,0,TN
1007,2,2023-10-01 03:14:18.047566,323.0,84.0,cash,0,0.053,0,TN
1006,3,2023-10-23 02:53:21.517653,306.0,83.0,QR,0,0.158,0,TN
1009,2,2023-09-11 03:58:25.820078,401.0,30.0,cash,0,0.307,0,TN
1010,2,2023-10-07 07:12:16.222672,196.0,35.0,cash,0,0.289,0,TN
1009,1,2023-11-08 22:35:26.682835,141.0,11.0,cash,0,0.387,0,TN
1009,1,2023-10-02 13:19:09.930928,45.0,8.0,card,0,0.031,0,TN
1003,3,2023-09-09 00:22:20.536367,425.0,18.0,QR,0,0.163,0,TN
1009,1,2023-11-18 11:39:00.395802,274.0,52.0,cash,0,0.569,1,FP
1004,3,2023-11-06 06:19:30.423040,145.0,5.0,QR,0,0.262,0,TN
1002,1,2023-11-01 01:57:19.263545,394.0,65.0,card,0,0.229,0,TN
1004,2,2023-10-10 02:18:37.491005,200.0,3.0,card,0,0.218,0,TN
1009,3,2023-09-20 17:37:28.789670,92.0,27.0,QR,0,0.106,0,TN
1008,2,2023-10-03 05:53:44.451011,35.0,1.0,cash,0,0.2,0,TN
1005,2,2023-11-08 06:51:30.691493,426.0,128.0,card,0,0.238,0,TN
1008,3,2023-11-29 08:23:10.451544,13.0,2.0,card,0,0.106,0,TN
1005,1,2023-10-29 11:30:13.198584,429.0,92.0,card,0,0.222,0,TN
1000,1,2023-11-09 07:01:46.689853,441.0,58.0,QR,0,0.556,1,FP
1008,3,2023-10-16 11:54:59.712156,317.0,28.0,card,0,0.195,0,TN
1000,3,2023-10-09 00:48:01.632653,250.0,48.0,cash,0,0.568,1,FP
1007,3,2023-10-12 08:42:47.538063,229.0,3.0,card,0,0.056,0,TN
1002,3,2023-09-01 19:47:44.121363,248.0,31.0,cash,0,0.3,0,TN
1006,2,2023-09-03 01:15:42.226064,224.0,24.0,card,0,0.108,0,TN
1008,2,2023-11-24 14:59:38.287507,236.0,37.0,QR,0,0.569,1,FP
1008,3,2023-11-09 16:23:54.784597,164.0,32.0,cash,0,0.506,1,FP
1000,3,2023-09-12 16:07:21.492255,24.0,1.0,cash,0,0.348,0,TN
1004,1,2023-11-16 02:36:18.906865,387.0,93.0,QR,0,0.421,0,TN
1007,3,2023-11-17 17:39:16.059450,18.0,5.0,card,0,0.414,0,TN
1009,3,2023-10-07 04:29:52.421575,141.0,21.0,QR,0,0.319,0,TN
1003,1,2023-11-21 11:40:26.551910,437.0,18.0,card,0,0.101,0,TN
1004,1,2023-09-21 13:13:12.653235,205.0,49.0,cash,0,0.441,0,TN
1008,2,2023-11-25 05:45:58.891169,100.0,12.0,cash,0,0.225,0,TN
1004,1,2023-10-27 16:44:14.422385,228.0,58.0,QR,0,0.375,0,TN
1006,2,2023-09-26 11:37:36.893521,317.0,86.0,card,0,0.593,1,FP
1001,3,2023-09-17 12:59:54.916141,335.0,74.0,QR,0,0.161,0,TN
1005,3,2023-11-03 18:42:22.601360,147.0,20.0,QR,0,0.552,1,FP
1001,1,2023-09-21 07:24:42.422535,305.0,69.0,QR,0,0.278,0,TN
1004,3,2023-11-28 11:16:10.834529,193.0,0.0,cash,0,0.377,0,TN
1006,1,2023-11-22 17:22:25.927480,138.0,34.0,QR,0,0.386,0,TN
1002,3,2023-10-05 06:17:58.752520,168.0,27.0,card,0,0.485,0,TN
1000,1,2023-11-27 17:45:50.792093,114.0,25.0,card,0,0.342,0,TN
1004,3,2023-10-25 20:00:02.492709,198.0,41.0,card,0,0.326,0,TN
1000,2,2023-11-09 09:55:30.791573,60.0,1.0,cash,0,0.085,0,TN
1005,3,2023-11-28 06:11:06.137923,309.0,35.0,QR,0,0.185,0,TN
1000,1,2023-10-16 00:46:09.673214,191.0,46.0,card,0,0.423,0,TN
1006,1,2023-09-30 15:51:36.031775,254.0,75.0,cash,0,0.276,0,TN
1007,1,2023-10-23 16:38:42.129852,105.0,9.0,QR,0,0.154,0,TN
1009,3,2023-10-20 22:14:31.422651,17.0,5.0,cash,0,0.533,1,FP
1005,2,2023-11-27 08:45:13.163489,165.0,19.0,cash,0,0.469,0,TN
1004,2,2023-09-08 18:21:38.275624,185.0,1.0,card,0,0.284,0,TN
1001,2,2023-09-11 05:12:53.125827,41.0,9.0,cash,0,0.525,1,FP
1000,3,2023-10-29 11:01:59.521595,466.0,58.0,card,0,0.179,0,TN
1007,1,2023-09-04 07:31:20.330864,258.0,37.0,cash,0,0.083,0,TN
1009,2,2023-09-17 11:17:56.523747,120.0,19.0,cash,0,0.35,0,TN
1007,3,2023-09-29 13:50:11.413822,55.0,6.0,QR,0,0.167,0,TN
1010,2,2023-11-06 06:10:09.827591,335.0,65.0,cash,0,0.507,1,FP
1009,1,2023-11-21 10:17:35.686519,365.0,93.0,card,0,0.298,0,TN
1005,1,2023-10-15 03:07:02.599438,213.0,33.0,QR,0,0.234,0,TN
1008,1,2023-10-29 08:31:15.717093,421.0,26.0,card,0,0.42,0,TN
1010,2,2023-09-30 12:58:39.891980,398.0,65.0,card,0,0.412,0,TN
1000,3,2023-11-13 19:00:56.495729,193.0,1.0,QR,0,0.026,0,TN
1009,2,2023-11-07 05:43:17.789382,499.0,147.0,QR,0,0.193,0,TN
1005,3,2023-10-07 09:59:21.632462,232.0,8.0,card,0,0.07,0,TN
1001,2,2023-10-21 03:56:28.671055,25.0,5.0,card,0,0.516,1,FP
1010,2,2023-10-18 22:01:51.218913,495.0,87.0,card,0,0.095,0,TN
1010,3,2023-10-03 09:30:07.242431,125.0,7.0,QR,0,0.547,1,FP
1010,1,2023-10-19 21:38:20.431628,483.0,111.0,card,0,0.426,0,TN
1006,3,2023-12-02 00:40:17.346077,176.0,25.0,card,0,0.061,0,TN
1001,1,2023-11-06 14:01:44.613469,370.0,11.0,QR,0,0.158,0,TN
1001,2,2023-10-07 23:47:09.451592,266.0,56.0,cash,0,0.441,0,TN
1007,3,2023-10-15 06:35:04.933632,203.0,30.0,card,0,0.036,0,TN
1000,3,2023-10-19 20:50:16.921171,389.0,43.0,card,0,0.084,0,TN
1002,3,2023-11-27 12:38:19.864743,449.0,12.0,card,0,0.488,0,TN
1001,1,2023-10-29 18:04:58.297384,461.0,77.0,card,0,0.416,0,TN
1007,2,2023-09-14 01:15:20.485549,339.0,47.0,card,0,0.517,1,FP
1007,3,2023-09-22 03:08:08.340564,229.0,22.0,cash,0,0.333,0,TN
1010,2,2023-11-12 02:49:25.147472,118.0,32.0,cash,0,0.387,0,TN
1008,2,2023-11-30 18:07:34.752505,464.0,15.0,card,0,0.226,0,TN
1002,3,2023-10-07 20:43:42.966528,244.0,52.0,QR,0,0.282,0,TN
1002,3,2023-09-19 17:31:18.399693,498.0,148.0,cash,0,0.153,0,TN
1005,1,2023-10-04 12:54:10.027476,147.0,32.0,card,0,0.222,0,TN
1005,1,2023-10-12 18:28:33.860865,377.0,53.0,QR,0,0.07,0,TN
1008,1,2023-10-08 06:31:53.169619,491.0,13.0,cash,0,0.5,1,FP
1009,1,2023-09-19 06:33:13.903866,429.0,7.0,QR,0,0.424,0,TN
1001,2,2023-09-03 22:29:57.946715,82.0,11.0,card,0,0.397,0,TN
1003,1,2023-11-09 02:29:06.117565,84.0,13.0,QR,0,0.351,0,TN
1005,1,2023-11-29 21:54:23.207469,119.0,25.0,card,0,0.043,0,TN
1003,2,2023-11-30 02:12:03.699340,300.0,50.0,QR,0,0.177,0,TN
1005,2,2023-11-05 17:55:42.654902,480.0,68.0,QR,0,0.014,0,TN
1005,2,2023-10-06 05:53:04.152689,279.0,58.0,card,0,0.433,0,TN
1000,2,2023-11-06 04:54:16.457404,318.0,94.0,QR,0,0.327,0,TN
1001,3,2023-11-17 14:36:57.138455,417.0,115.0,cash,0,0.509,1,FP
1010,1,2023-09-18 21:04:10.634407,429.0,71.0,QR,0,0.252,0,TN
1010,3,2023-11-24 10:18:01.663566,248.0,50.0,QR,0,0.306,0,TN
1010,3,2023-10-05 04:30:37.157990,44.0,10.0,card,0,0.214,0,TN
1010,1,2023-09-12 11:32:34.736839,61.0,8.0,QR,0,0.056,0,TN
1009,2,2023-12-04 07:39:16.263417,49.0,3.0,cash,0,0.176,0,TN
1002,3,2023-11-25 12:43:08.537657,166.0,34.0,cash,0,0.111,0,TN
1000,2,2023-11-02 13:58:34.992110,106.0,3.0,QR,0,0.169,0,TN
1001,2,2023-11-28 17:56:58.125888,153.0,39.0,card,0,0.387,0,TN
1001,2,2023-10-14 23:35:43.426023,164.0,22.0,card,0,0.089,0,TN
1003,3,2023-10-18 19:08:22.465244,260.0,8.0,QR,0,0.161,0,TN
1000,2,2023-09-08 18:10:53.552174,71.0,0.0,QR,0,0.287,0,TN
1010,1,2023-10-26 19:00:48.791228,398.0,36.0,card,0,0.387,0,TN
1008,3,2023-11-07 23:39:36.533054,399.0,17.0,cash,0,0.035,0,TN
1010,1,2023-10-30 10:15:20.320117,416.0,60.0,QR,0,0.178,0,TN
1010,2,2023-09-27 06:47:42.678912,70.0,16.0,cash,0,0.242,0,TN
1005,1,2023-09-05 18:47:57.268563,388.0,56.0,QR,0,0.517,1,FP
1003,3,2023-10-25 08:06:15.470137,91.0,7.0,cash,0,0.457,0,TN
1010,1,2023-09-02 20:11:04.481109,86.0,16.0,QR,0,0.01,0,TN
1006,3,2023-10-09 19:38:58.560787,311.0,75.0,card,0,0.524,1,FP
1000,1,2023-11-09 10:02:39.295376,77.0,15.0,card,0,0.238,0,TN
1010,2,2023-11-10 11:08:47.208038,487.0,66.0,cash,0,0.294,0,TN
1002,1,2023-09-22 17:06:58.496476,217.0,47.0,cash,0,0.289,0,TN
1008,2,2023-10-21 22:27:31.183164,82.0,16.0,QR,0,0.466,0,TN
1003,1,2023-11-02 13:56:47.722715,327.0,17.0,QR,0,0.228,0,TN
1005,3,2023-09-10 06:32:17.611881,239.0,63.0,card,0,0.117,0,TN
1006,2,2023-12-02 08:50:48.221692,350.0,34.0,card,0,0.045,0,TN
1001,2,2023-11-04 07:28:19.540170,427.0,43.0,card,0,0.132,0,TN
1005,2,2023-09-11 22:08:49.627217,160.0,33.0,card,0,0.434,0,TN
1001,1,2023-11-10 16:03:21.184065,10.0,1.0,QR,0,0.595,1,FP
1005,3,2023-11-18 17:35:42.836179,313.0,20.0,card,0,0.066,0,TN
1001,3,2023-11-02 23:47:16.252057,371.0,87.0,card,0,0.576,1,FP
1006,3,2023-10-27 23:11:20.314324,458.0,20.0,card,0,0.18,0,TN
1010,3,2023-10-28 05:02:01.667674,376.0,75.0,card,0,0.083,0,TN
1004,3,2023-09-21 09:16:27.870717,498.0,147.0,card,0,0.217,0,TN
1008,3,2023-11-05 04:49:59.582197,235.0,3.0,QR,0,0.159,0,TN
1003,3,2023-11-15 11:05:10.872255,254.0,24.0,cash,0,0.379,0,TN
1007,3,2023-11-08 16:34:39.648839,407.0,19.0,QR,0,0.459,0,TN
1007,3,2023-10-20 03:19:30.749161,192.0,24.0,QR,0,0.156,0,TN
1001,3,2023-11-16 20:32:44.873522,468.0,94.0,cash,0,0.497,0,TN
1007,2,2023-11-03 00:20:15.458848,18.0,2.0,QR,0,0.353,0,TN
1004,1,2023-10-11 16:30:12.987406,89.0,10.0,cash,0,0.098,0,TN
1002,3,2023-11-24 08:48:19.302049,49.0,3.0,card,0,0.561,1,FP
1009,3,2023-09-15 15:54:36.280236,146.0,20.0,cash,0,0.2,0,TN
1005,3,2023-09-30 22:33:34.322141,412.0,61.0,cash,0,0.042,0,TN
1009,2,2023-10-02 13:50:44.571732,99.0,20.0,QR,0,0.395,0,TN
1009,1,2023-10-30 01:25:09.963970,294.0,61.0,QR,0,0.038,0,TN
1001,2,2023-10-19 06:55:08.576792,194.0,11.0,card,0,0.415,0,TN
1006,3,2023-09-15 03:20:54.775475,329.0,33.0,card,0,0.154,0,TN
1001,3,2023-10-01 11:41:25.032972,161.0,18.0,cash,0,0.483,0,TN
1002,3,2023-09-11 10:56:58.957824,345.0,23.0,card,0,0.298,0,TN
1006,1,2023-10-28 19:26:13.893799,345.0,21.0,card,0,0.253,0,TN
1010,1,2023-09-28 06:05:35.865071,238.0,23.0,card,0,0.347,0,TN
1007,2,2023-11-22 13:41:33.680056,411.0,114.0,QR,0,0.545,1,FP
1001,3,2023-09-10 22:29:22.870952,428.0,104.0,QR,0,0.4,0,TN
1007,2,2023-11-14 18:32:08.291075,222.0,10.0,card,0,0.171,0,TN
1004,1,2023-09-06 20:08:33.583949,198.0,13.0,card,0,0.479,0,TN
1003,3,2023-10-28 23:48:04.190680,234.0,54.0,card,0,0.058,0,TN
1001,1,2023-10-02 18:31:32.353934,103.0,8.0,card,0,0.451,0,TN
1006,3,2023-10-21 16:13:00.478323,189.0,54.0,card,0,0.054,0,TN
1007,1,2023-09-30 02:31:21.078161,205.0,8.0,card,0,0.536,1,FP
1000,2,2023-11-28 22:41:41.778272,77.0,17.0,QR,0,0.037,0,TN
1005,2,2023-10-06 06:43:46.659172,310.0,82.0,QR,0,0.327,0,TN
1008,2,2023-09-12 03:01:37.994625,430.0,20.0,card,0,0.16,0,TN
1003,2,2023-10-19 14:40:35.123466,129.0,3.0,QR,0,0.196,0,TN
1004,2,2023-11-03 19:23:38.689448,134.0,37.0,card,0,0.563,1,FP
1003,1,2023-09-30 01:07:04.275702,74.0,5.0,QR,0,0.235,0,TN
1002,3,2023-11-09 15:55:25.233660,185.0,31.0,cash,0,0.546,1,FP
1010,2,2023-10-31 00:44:30.260353,74.0,8.0,card,0,0.189,0,TN
1002,1,2023-09-11 15:41:09.460440,239.0,11.0,QR,0,0.492,0,TN
1007,3,2023-09-26 16:26:41.312745,192.0,42.0,cash,0,0.558,1,FP
1009,2,2023-10-20 00:53:45.904424,318.0,6.0,cash,0,0.516,1,FP
1006,2,2023-09-24 23:57:30.714387,58.0,0.0,card,0,0.569,1,FP
1010,1,2023-09-28 13:55:08.784481,338.0,35.0,card,0,0.489,0,TN
1008,3,2023-11-18 07:17:13.694349,220.0,47.0,cash,0,0.295,0,TN
1001,1,2023-11-12 22:43:46.243876,334.0,85.0,cash,0,0.203,0,TN
1002,2,2023-09-28 04:33:37.257214,206.0,21.0,card,0,0.463,0,TN
1000,3,2023-08-31 23:15:42.027984,409.0,82.0,card,0,0.565,1,FP
1010,2,2023-11-04 20:32:01.468830,260.0,60.0,cash,0,0.163,0,TN
1007,3,2023-11-15 03:01:53.541256,246.0,69.0,QR,0,0.261,0,TN
1001,1,2023-11-27 07:55:38.619198,422.0,95.0,QR,0,0.448,0,TN
1003,3,2023-11-29 06:06:21.558575,43.0,12.0,QR,0,0.479,0,TN
1004,3,2023-09-30 20:05:53.196380,457.0,64.0,QR,0,0.038,0,TN
1003,2,2023-10-31 04:34:24.548539,398.0,12.0,card,0,0.193,0,TN
1007,1,2023-09-27 16:51:17.811550,55.0,7.0,cash,0,0.334,0,TN
1005,3,2023-11-05 22:24:55.903280,480.0,105.0,QR,0,0.345,0,TN
1000,2,2023-10-08 16:44:54.932725,47.0,10.0,cash,0,0.397,0,TN
1006,2,2023-10-06 13:20:01.748709,333.0,86.0,cash,0,0.27,0,TN
1001,3,2023-09-13 11:28:04.361770,418.0,2.0,card,0,0.112,0,TN
1006,3,2023-11-01 12:16:59.645337,263.0,17.0,card,0,0.021,0,TN
1010,3,2023-11-12 20:09:26.149252,326.0,63.0,QR,0,0.574,1,FP
1002,1,2023-10-20 15:23:35.118442,273.0,22.0,cash,0,0.366,0,TN
1004,1,2023-10-01 01:38:19.082155,75.0,16.0,QR,0,0.087,0,TN
1003,3,2023-10-27 00:27:15.482851,318.0,10.0,card,0,0.391,0,TN
1000,1,2023-09-22 17:32:25.110017,175.0,29.0,card,0,0.477,0,TN
1002,1,2023-11-05 17:51:49.449134,109.0,22.0,QR,0,0.512,1,FP
1008,2,2023-10-26 15:16:42.414252,367.0,2.0,card,0,0.123,0,TN
1006,3,2023-10-13 01:31:40.986668,309.0,56.0,QR,0,0.105,0,TN
1006,3,2023-10-10 19:17:25.452358,63.0,1.0,QR,0,0.424,0,TN
1009,3,2023-09-14 13:15:17.211228,382.0,108.0,cash,0,0.061,0,TN
1005,2,2023-11-05 10:36:16.486207,12.0,1.0,card,0,0.388,0,TN
1001,1,2023-09-18 09:53:42.520878,442.0,24.0,QR,0,0.483,0,TN
1002,2,2023-09-10 09:37:54.538964,154.0,35.0,card,0,0.374,0,TN
1003,2,2023-11-12 23:20:55.424541,405.0,87.0,cash,0,0.141,0,TN
1007,2,2023-10-19 13:06:51.634544,470.0,8.0,cash,0,0.301,0,TN
1003,2,2023-10-18 06:19:29.955010,53.0,10.0,card,0,0.478,0,TN
1009,3,2023-10-03 06:42:16.182411,124.0,7.0,cash,0,0.269,0,TN
1006,3,2023-09-03 18:19:01.656860,117.0,18.0,card,0,0.434,0,TN
1005,3,2023-10-08 02:34:59.692650,486.0,130.0,cash,0,0.512,1,FP
1000,3,2023-09-08 12:06:02.357534,107.0,6.0,card,0,0.116,0,TN
1003,2,2023-10-31 11:47:12.010778,148.0,26.0,cash,0,0.495,0,TN
1006,2,2023-10-04 18:52:58.587581,392.0,98.0,card,0,0.281,0,TN
1009,3,2023-09-02 04:06:40.831146,350.0,42.0,QR,0,0.524,1,FP
1003,2,2023-10-14 17:35:43.097449,275.0,38.0,card,0,0.131,0,TN
1006,1,2023-10-07 23:43:25.905283,408.0,83.0,card,0,0.323,0,TN
1001,3,2023-10-20 07:30:46.935081,120.0,32.0,cash,0,0.379,0,TN
1006,1,2023-10-04 23:52:37.510722,332.0,73.0,cash,0,0.559,1,FP
1005,3,2023-11-09 20:19:56.357869,478.0,84.0,cash,0,0.228,0,TN
1003,2,2023-10-25 08:45:07.716582,282.0,52.0,QR,0,0.023,0,TN
1008,3,2023-10-20 01:23:18.795459,289.0,80.0,QR,0,0.3,0,TN
1001,2,2023-11-19 12:09:51.407902,272.0,77.0,cash,0,0.474,0,TN
1002,1,2023-10-07 05:43:11.410325,334.0,81.0,QR,0,0.418,0,TN
1010,1,2023-09-07 03:20:48.598761,189.0,23.0,cash,0,0.284,0,TN
1003,3,2023-11-23 17:58:50.052748,318.0,52.0,QR,0,0.3,0,TN
1009,3,2023-09-26 14:50:24.930119,292.0,68.0,card,0,0.097,0,TN
1004,3,2023-11-19 01:37:21.348404,398.0,101.0,QR,0,0.542,1,FP
1010,1,2023-10-26 13:49:54.612441,379.0,78.0,QR,0,0.511,1,FP
1001,3,2023-09-01 17:10:03.112882,441.0,78.0,QR,0,0.379,0,TN
1010,1,2023-09-10 01:01:50.490693,119.0,17.0,card,0,0.49,0,TN
1004,2,2023-11-11 01:01:24.295487,271.0,0.0,card,0,0.544,1,FP
1005,1,2023-09-18 10:43:02.747891,478.0,56.0,QR,0,0.053,0,TN
1007,1,2023-09-24 12:44:56.508979,29.0,2.0,cash,0,0.391,0,TN
1006,2,2023-11-12 00:16:17.844140,148.0,20.0,cash,0,0.205,0,TN
1010,3,2023-11-14 14:57:16.715548,331.0,37.0,QR,0,0.358,0,TN
1010,2,2023-11-01 16:17:02.885623,328.0,85.0,cash,0,0.061,0,TN
1010,1,2023-11-10 20:26:21.413980,326.0,76.0,cash,0,0.368,0,TN
1005,2,2023-10-30 14:46:13.334942,296.0,53.0,cash,0,0.195,0,TN
1002,2,2023-09-17 07:08:28.096431,22.0,3.0,card,0,0.349,0,TN
1008,1,2023-09-04 16:01:16.003457,124.0,16.0,cash,0,0.013,0,TN
1004,3,2023-11-22 07:04:15.399838,388.0,115.0,card,0,0.011,0,TN
1010,1,2023-11-08 19:45:47.520543,50.0,7.0,QR,0,0.102,0,TN
1009,3,2023-10-18 06:59:40.635821,463.0,76.0,cash,0,0.09,0,TN
1005,1,2023-09-30 21:04:15.825528,346.0,31.0,card,0,0.549,1,FP
1009,3,2023-10-13 04:53:54.016478,433.0,129.0,cash,0,0.009,0,TN
1008,1,2023-11-20 12:10:09.453247,456.0,22.0,QR,0,0.289,0,TN
1006,1,2023-10-22 23:52:13.587304,36.0,3.0,cash,0,0.488,0,TN
1006,3,2023-10-02 06:25:10.646705,77.0,2.0,QR,0,0.437,0,TN
1005,1,2023-10-25 09:37:08.202382,434.0,25.0,cash,0,0.335,0,TN
1005,3,2023-11-03 16:49:58.088763,164.0,6.0,QR,0,0.433,0,TN
1008,1,2023-10-05 20:29:10.072238,350.0,98.0,card,0,0.207,0,TN
1005,2,2023-10-30 09:09:53.943729,237.0,65.0,QR,0,0.432,0,TN
1002,1,2023-09-07 12:28:33.926344,150.0,42.0,cash,0,0.491,0,TN
1010,3,2023-09-09 18:20:39.503739,402.0,15.0,card,0,0.133,0,TN
1002,3,2023-09-02 08:37:03.907787,193.0,6.0,cash,0,0.016,0,TN
1006,1,2023-11-26 16:17:41.172418,131.0,11.0,card,0,0.482,0,TN
1002,1,2023-09-15 01:28:11.356075,91.0,5.0,card,0,0.164,0,TN
1007,3,2023-10-25 22:20:56.584590,50.0,8.0,card,0,0.176,0,TN
1010,3,2023-11-26 20:26:41.041423,135.0,15.0,cash,0,0.318,0,TN
1001,3,2023-09-09 22:49:55.365162,439.0,115.0,cash,0,0.232,0,TN
1001,1,2023-10-06 02:59:06.399669,364.0,22.0,QR,0,0.574,1,FP
1008,1,2023-09-01 09:08:14.549198,243.0,50.0,cash,0,0.055,0,TN
1005,3,2023-10-16 07:17:14.381569,394.0,24.0,card,0,0.253,0,TN
1002,1,2023-11-22 14:23:03.542009,170.0,48.0,card,0,0.177,0,TN
1008,3,2023-11-15 04:43:27.216427,204.0,23.0,QR,0,0.549,1,FP
1000,2,2023-09-21 09:57:57.458450,376.0,66.0,QR,0,0.263,0,TN
1008,3,2023-09-19 23:46:09.115900,136.0,12.0,cash,0,0.448,0,TN
1009,2,2023-12-01 01:42:23.437800,297.0,51.0,QR,0,0.493,0,TN
1007,2,2023-09-06 20:29:29.133323,208.0,58.0,QR,0,0.548,1,FP
1009,3,2023-11-20 15:27:00.828972,87.0,15.0,card,0,0.345,0,TN
1003,3,2023-09-30 17:55:19.314562,319.0,8.0,cash,0,0.468,0,TN
1008,1,2023-09-23 14:11:32.604940,485.0,138.0,QR,0,0.208,0,TN
1007,2,2023-11-24 14:14:47.588608,235.0,43.0,QR,0,0.293,0,TN
1008,1,2023-10-08 00:31:49.283266,472.0,52.0,QR,0,0.41,0,TN
1001,2,2023-09-02 18:13:13.395944,477.0,37.0,QR,0,0.014,0,TN
1010,3,2023-11-21 17:28:48.496780,194.0,11.0,cash,0,0.117,0,TN
1000,3,2023-09-13 15:35:18.015543,118.0,26.0,card,0,0.014,0,TN
1005,2,2023-11-11 04:19:42.292532,386.0,99.0,cash,0,0.368,0,TN
1001,1,2023-11-24 06:55:16.568532,141.0,35.0,card,0,0.501,1,FP
1000,3,2023-09-02 13:13:40.244476,442.0,121.0,cash,0,0.322,0,TN
1009,1,2023-10-21 18:36:48.395681,95.0,26.0,card,0,0.3,0,TN
1003,3,2023-11-24 04:19:43.804730,30.0,5.0,cash,0,0.482,0,TN
1006,1,2023-10-22 08:46:45.794005,261.0,66.0,card,0,0.461,0,TN
1006,1,2023-10-15 01:56:48.043128,162.0,27.0,cash,0,0.413,0,TN
1006,1,2023-09-12 05:50:23.540054,167.0,30.0,card,0,0.474,0,TN
1008,3,2023-11-06 05:23:58.376311,36.0,4.0,QR,0,0.207,0,TN
1003,1,2023-10-06 21:59:51.770906,466.0,86.0,QR,0,0.257,0,TN
1001,2,2023-11-28 23:00:45.192766,355.0,30.0,QR,0,0.57,1,FP
1009,2,2023-09-14 20:39:05.225605,495.0,22.0,card,0,0.595,1,FP
1007,1,2023-11-21 13:07:14.311494,238.0,41.0,card,0,0.28,0,TN
1002,3,2023-09-16 18:43:26.392764,46.0,0.0,QR,0,0.121,0,TN
1000,2,2023-10-06 12:38:22.922484,140.0,39.0,cash,0,0.226,0,TN
1006,2,2023-11-13 22:22:54.818956,448.0,65.0,card,0,0.08,0,TN
1007,1,2023-11-22 01:47:48.193960,144.0,22.0,QR,0,0.247,0,TN
1004,1,2023-09-04 23:54:11.391798,78.0,21.0,card,0,0.085,0,TN
1000,2,2023-09-10 06:32:34.925237,197.0,33.0,QR,0,0.13,0,TN
1010,3,2023-10-08 20:23:55.942409,247.0,11.0,QR,0,0.205,0,TN
1006,2,2023-09-06 00:44:36.534726,122.0,23.0,card,0,0.516,1,FP
1008,1,2023-10-07 02:21:04.296089,236.0,63.0,cash,0,0.53,1,FP
1005,2,2023-09-09 18:16:16.315108,39.0,1.0,QR,0,0.027,0,TN
1002,3,2023-09-22 15:57:31.411881,390.0,70.0,card,0,0.12,0,TN
1004,2,2023-09-16 05:45:04.551253,233.0,44.0,card,0,0.011,0,TN
1003,2,2023-11-18 02:00:29.003268,328.0,79.0,card,0,0.589,1,FP
1002,2,2023-09-15 16:55:17.784400,451.0,101.0,card,0,0.138,0,TN
1005,1,2023-11-01 23:29:05.934227,107.0,7.0,cash,0,0.513,1,FP
1007,2,2023-11-16 23:00:19.896377,104.0,31.0,QR,0,0.586,1,FP
1002,2,2023-09-05 22:43:05.863724,164.0,46.0,card,0,0.566,1,FP
1005,2,2023-11-30 20:03:51.642219,390.0,4.0,card,0,0.094,0,TN
1008,2,2023-11-21 09:21:02.553031,478.0,14.0,QR,0,0.045,0,TN
1005,2,2023-11-07 15:37:45.320105,293.0,47.0,QR,0,0.197,0,TN
1005,2,2023-10-30 04:30:22.709881,425.0,89.0,QR,0,0.264,0,TN
1002,3,2023-09-06 14:58:23.866022,229.0,53.0,QR,0,0.458,0,TN
1000,3,2023-09-24 16:33:54.581529,254.0,74.0,card,0,0.462,0,TN
1004,3,2023-11-29 04:26:22.384274,362.0,38.0,QR,0,0.422,0,TN
1007,3,2023-11-03 03:43:24.730594,401.0,115.0,cash,0,0.599,1,FP
1008,3,2023-10-02 16:17:37.909653,337.0,67.0,QR,0,0.171,0,TN
1007,3,2023-11-21 14:36:48.880430,113.0,20.0,card,0,0.335,0,TN
1007,3,2023-10-21 20:58:20.351576,73.0,8.0,cash,0,0.011,0,TN
1001,1,2023-09-23 00:56:41.374573,363.0,80.0,cash,0,0.102,0,TN
1008,1,2023-11-07 15:24:58.273666,95.0,5.0,QR,0,0.14,0,TN
1009,2,2023-11-08 23:44:29.835748,91.0,27.0,QR,0,0.256,0,TN
1005,1,2023-10-30 23:07:20.272459,200.0,20.0,cash,0,0.576,1,FP
1004,2,2023-10-22 14:05:27.081782,340.0,35.0,card,0,0.071,0,TN
1005,3,2023-10-10 08:02:30.087759,316.0,53.0,card,0,0.561,1,FP
1007,3,2023-11-30 17:40:03.251685,362.0,106.0,QR,0,0.423,0,TN
1010,3,2023-10-10 06:11:49.832013,246.0,15.0,QR,0,0.411,0,TN
1009,3,2023-10-31 16:10:47.943683,460.0,120.0,card,0,0.431,0,TN
1000,3,2023-11-29 04:58:25.427891,161.0,16.0,card,0,0.112,0,TN
1008,3,2023-09-01 11:32:47.956470,441.0,32.0,QR,0,0.401,0,TN
1002,3,2023-09-22 08:09:47.116605,348.0,7.0,cash,0,0.496,0,TN
1010,3,2023-09-21 13:07:14.825280,295.0,40.0,card,0,0.093,0,TN
1001,3,2023-09-29 06:07:46.487743,285.0,57.0,cash,0,0.453,0,TN
1003,2,2023-11-03 02:02:38.765817,60.0,9.0,QR,0,0.164,0,TN
1010,3,2023-12-01 13:29:47.401606,307.0,21.0,cash,0,0.096,0,TN
1002,2,2023-09-12 20:29:26.936681,243.0,62.0,card,0,0.098,0,TN
1002,2,2023-09-03 04:31:18.568175,358.0,28.0,card,0,0.335,0,TN
1009,1,2023-11-09 20:34:25.349922,346.0,99.0,cash,0,0.589,1,FP
1002,1,2023-11-03 22:40:18.231044,94.0,26.0,cash,0,0.509,1,FP
1009,3,2023-09-14 13:09:47.504975,135.0,4.0,QR,0,0.421,0,TN
1010,3,2023-11-06 12:40:18.420990,93.0,18.0,card,0,0.358,0,TN
1006,1,2023-10-14 21:32:12.870118,309.0,54.0,QR,0,0.462,0,TN
1009,3,2023-10-25 13:27:35.363381,241.0,56.0,QR,0,0.002,0,TN
1000,3,2023-09-14 16:05:00.134001,150.0,43.0,QR,0,0.127,0,TN
1008,1,2023-11-29 16:52:13.589066,16.0,2.0,cash,0,0.318,0,TN
1003,3,2023-09-01 17:49:01.252657,48.0,5.0,QR,0,0.361,0,TN
1007,1,2023-09-30 02:59:16.072880,111.0,23.0,QR,0,0.217,0,TN
1010,3,2023-11-15 02:44:03.191621,204.0,19.0,card,0,0.564,1,FP
1008,2,2023-12-03 18:02:29.826444,133.0,37.0,card,0,0.184,0,TN
1006,3,2023-11-04 23:58:59.385879,382.0,8.0,QR,0,0.582,1,FP
1009,3,2023-09-19 21:33:49.921628,242.0,5.0,QR,0,0.123,0,TN
1009,1,2023-11-09 18:22:08.335537,101.0,21.0,QR,0,0.488,0,TN
1006,3,2023-11-17 11:33:50.674003,443.0,130.0,QR,0,0.046,0,TN
1009,1,2023-11-01 10:36:22.206547,201.0,44.0,cash,0,0.203,0,TN
1005,3,2023-08-31 21:34:41.330304,400.0,77.0,cash,0,0.326,0,TN
1001,3,2023-11-20 22:27:44.918031,373.0,83.0,QR,0,0.157,0,TN
1005,3,2023-09-22 12:06:19.473037,177.0,26.0,card,0,0.541,1,FP
1004,1,2023-11-01 17:50:53.338168,435.0,128.0,cash,0,0.507,1,FP
1003,1,2023-09-03 07:26:25.634029,163.0,8.0,cash,0,0.115,0,TN
1008,3,2023-09-25 14:43:37.474304,311.0,26.0,cash,0,0.287,0,TN
1008,1,2023-09-02 13:21:12.061587,217.0,3.0,cash,0,0.481,0,TN
1005,2,2023-10-27 03:42:44.668745,247.0,37.0,card,0,0.197,0,TN
1005,2,2023-09-10 04:07:46.055433,380.0,86.0,card,0,0.294,0,TN
1008,1,2023-11-14 13:08:17.681537,247.0,54.0,card,0,0.154,0,TN
1003,1,2023-11-07 00:51:43.249092,379.0,72.0,cash,0,0.535,1,FP
1003,1,2023-09-19 00:28:49.913338,190.0,7.0,card,0,0.021,0,TN
1001,3,2023-09-28 16:24:02.071377,23.0,1.0,card,0,0.493,0,TN
1000,1,2023-09-21 14:29:45.126825,494.0,80.0,QR,0,0.574,1,FP
1006,1,2023-11-14 19:11:25.769914,155.0,39.0,cash,0,0.136,0,TN
1000,3,2023-10-24 17:31:28.340907,175.0,52.0,card,0,0.258,0,TN
1009,3,2023-09-05 23:58:45.250869,267.0,30.0,cash,0,0.021,0,TN
1007,2,2023-11-01 10:03:57.199108,149.0,24.0,cash,0,0.599,1,FP
1003,3,2023-11-24 03:23:20.999370,429.0,125.0,cash,0,0.585,1,FP
1006,1,2023-10-16 03:31:43.767910,30.0,7.0,QR,0,0.443,0,TN
1008,2,2023-10-01 08:10:50.548132,131.0,3.0,QR,0,0.38,0,TN
1007,1,2023-10-12 03:18:55.622625,266.0,55.0,QR,0,0.007,0,TN
1007,2,2023-11-17 13:02:31.759302,444.0,48.0,cash,0,0.108,0,TN
1003,2,2023-09-08 04:35:31.823878,453.0,118.0,QR,0,0.084,0,TN
1008,2,2023-11-13 08:26:41.609000,389.0,114.0,card,0,0.149,0,TN
1001,2,2023-11-06 16:30:08.420696,269.0,48.0,QR,0,0.369,0,TN
1001,1,2023-10-08 06:33:26.544540,108.0,12.0,cash,0,0.289,0,TN
1010,2,2023-09-18 04:02:45.604402,279.0,58.0,cash,0,0.066,0,TN
1001,1,2023-10-30 05:02:56.445805,265.0,53.0,cash,0,0.209,0,TN
1001,2,2023-10-28 17:41:31.386355,17.0,4.0,card,0,0.061,0,TN
1004,2,2023-09-29 07:32:16.896383,478.0,8.0,card,0,0.587,1,FP
1007,1,2023-11-10 03:03:05.590917,85.0,10.0,cash,0,0.023,0,TN
1008,2,2023-11-25 01:12:18.436037,422.0,100.0,QR,0,0.575,1,FP
1008,2,2023-10-29 07:01:53.647131,212.0,59.0,QR,0,0.515,1,FP
1007,1,2023-09-01 20:01:20.748311,234.0,1.0,QR,0,0.411,0,TN
1007,3,2023-09-27 16:50:00.437866,385.0,43.0,cash,0,0.29,0,TN
1003,1,2023-09-01 00:41:04.500372,224.0,6.0,cash,0,0.227,0,TN
1009,3,2023-09-18 18:25:18.592287,17.0,3.0,card,0,0.548,1,FP
1009,3,2023-12-03 21:11:37.700140,405.0,89.0,cash,0,0.495,0,TN
1001,3,2023-11-14 21:08:08.545069,474.0,115.0,QR,0,0.519,1,FP
1000,2,2023-11-08 04:13:20.812851,317.0,64.0,card,0,0.332,0,TN
1000,1,2023-10-22 12:19:49.639987,107.0,32.0,card,0,0.426,0,TN
1002,2,2023-11-08 21:20:19.788481,389.0,27.0,card,0,0.45,0,TN
1008,1,2023-09-21 15:34:33.732819,494.0,16.0,card,0,0.138,0,TN
1004,3,2023-12-01 21:49:11.354949,326.0,90.0,QR,0,0.35,0,TN
1000,1,2023-11-28 13:14:42.444724,248.0,32.0,cash,0,0.256,0,TN
1009,1,2023-09-18 12:32:38.720006,161.0,44.0,cash,0,0.28,0,TN
1007,1,2023-12-02 05:01:20.290405,349.0,79.0,card,0,0.009,0,TN
1010,2,2023-09-26 05:35:52.384963,445.0,92.0,cash,0,0.197,0,TN
1003,3,2023-10-15 21:48:18.270771,114.0,26.0,QR,0,0.134,0,TN
1010,1,2023-10-06 03:41:04.195748,16.0,2.0,card,0,0.517,1,FP
1007,3,2023-11-21 21:39:25.259172,104.0,18.0,cash,0,0.501,1,FP
1010,3,2023-09-11 08:54:24.222847,130.0,21.0,card,0,0.088,0,TN
1001,2,2023-09-15 18:40:23.144568,360.0,79.0,card,0,0.284,0,TN
1006,2,2023-09-07 07:37:13.229107,91.0,26.0,cash,0,0.447,0,TN
1001,3,2023-10-04 06:54:41.741095,21.0,0.0,QR,0,0.357,0,TN
1010,3,2023-09-15 04:18:28.506234,146.0,15.0,card,0,0.148,0,TN
1009,2,2023-09-13 17:05:48.842247,360.0,88.0,cash,0,0.416,0,TN
1009,2,2023-09-27 16:03:48.012749,317.0,61.0,QR,0,0.509,1,FP
1003,1,2023-11-21 21:05:57.925071,155.0,42.0,card,0,0.527,1,FP
1004,1,2023-11-21 00:18:45.876932,452.0,121.0,card,0,0.568,1,FP
1001,2,2023-11-25 03:07:43.879567,400.0,45.0,cash,0,0.417,0,TN
1001,1,2023-11-01 15:40:43.437489,59.0,16.0,QR,0,0.075,0,TN
1004,2,2023-10-03 03:47:31.306865,11.0,1.0,card,0,0.373,0,TN
1000,3,2023-09-07 00:10:13.606478,463.0,40.0,card,0,0.334,0,TN
1005,3,2023-10-22 00:22:59.767266,236.0,57.0,cash,0,0.297,0,TN
1010,3,2023-10-18 12:10:00.141681,219.0,34.0,card,0,0.395,0,TN
1002,3,2023-10-05 21:43:21.698610,206.0,1.0,QR,0,0.187,0,TN
1002,3,2023-10-07 02:37:52.376823,307.0,90.0,cash,0,0.492,0,TN
1004,2,2023-09-07 09:24:11.319932,151.0,6.0,QR,0,0.214,0,TN
1002,3,2023-11-15 03:23:45.117687,371.0,82.0,card,0,0.358,0,TN
1005,2,2023-11-02 21:11:43.108376,453.0,133.0,cash,0,0.044,0,TN
1009,2,2023-11-30 17:12:25.652451,494.0,142.0,QR,0,0.092,0,TN
1006,1,2023-09-17 21:38:17.431068,391.0,52.0,QR,0,0.474,0,TN
1001,1,2023-10-04 01:24:51.490137,140.0,33.0,cash,0,0.495,0,TN
1010,3,2023-09-10 05:42:36.491473,360.0,90.0,cash,0,0.53,1,FP
1008,3,2023-09-18 05:18:41.276669,492.0,74.0,card,0,0.282,0,TN
1004,2,2023-11-10 02:10:48.104930,221.0,2.0,QR,0,0.078,0,TN
1005,2,2023-10-01 13:59:59.999682,279.0,30.0,cash,0,0.583,1,FP
1005,3,2023-11-23 04:51:43.762979,143.0,11.0,cash,0,0.549,1,FP
1000,2,2023-10-05 04:59:45.147639,98.0,14.0,QR,0,0.47,0,TN
1005,2,2023-10-31 12:24:08.632976,308.0,55.0,card,0,0.587,1,FP
1005,3,2023-09-19 12:37:13.186587,253.0,39.0,QR,0,0.019,0,TN
1007,1,2023-10-17 03:32:52.494140,340.0,91.0,cash,0,0.215,0,TN
1008,1,2023-11-18 02:43:31.849797,342.0,44.0,QR,0,0.215,0,TN
1001,1,2023-10-17 23:50:14.245982,261.0,67.0,card,0,0.591,1,FP
1007,2,2023-09-07 20:45:54.894247,103.0,18.0,QR,0,0.242,0,TN
1008,2,2023-11-29 02:02:02.348029,272.0,76.0,cash,0,0.456,0,TN
1001,2,2023-09-12 11:46:50.893861,140.0,34.0,QR,0,0.033,0,TN
1000,2,2023-11-22 20:52:01.397502,338.0,90.0,card,0,0.517,1,FP
1001,1,2023-10-31 05:26:11.389716,414.0,120.0,QR,0,0.385,0,TN
1008,2,2023-11-02 03:49:45.679670,475.0,25.0,cash,0,0.04,0,TN
1010,2,2023-09-04 05:53:44.231306,427.0,90.0,cash,0,0.491,0,TN
1000,3,2023-11-03 18:05:53.187277,392.0,43.0,card,0,0.082,0,TN
1007,3,2023-09-04 14:48:04.256786,151.0,18.0,cash,0,0.038,0,TN
1003,3,2023-09-18 11:36:53.423022,23.0,2.0,card,0,0.085,0,TN
1006,2,2023-09-26 09:08:28.242125,484.0,85.0,cash,0,0.415,0,TN
1006,1,2023-11-22 20:26:45.935672,469.0,121.0,QR,0,0.075,0,TN
1002,1,2023-10-28 15:10:08.610258,403.0,43.0,QR,0,0.511,1,FP
1010,3,2023-11-18 09:55:43.210028,263.0,19.0,card,0,0.277,0,TN
1008,1,2023-09-13 07:36:35.842262,350.0,59.0,QR,0,0.279,0,TN
1007,2,2023-12-04 00:05:21.751358,193.0,7.0,QR,0,0.576,1,FP
1003,1,2023-11-11 16:12:16.714004,228.0,53.0,card,0,0.471,0,TN
1006,3,2023-09-23 23:39:02.653098,234.0,56.0,QR,0,0.418,0,TN
1000,2,2023-11-27 00:17:50.210037,289.0,72.0,cash,0,0.199,0,TN
1008,3,2023-09-11 23:56:54.334372,18.0,4.0,cash,0,0.381,0,TN
1004,2,2023-09-25 04:03:21.174782,311.0,7.0,cash,0,0.294,0,TN
1007,1,2023-08-31 21:08:38.276324,30.0,3.0,card,0,0.525,1,FP
1010,2,2023-10-12 14:57:12.594686,125.0,4.0,card,0,0.372,0,TN
1008,1,2023-10-01 19:47:35.717918,191.0,54.0,cash,0,0.518,1,FP
1005,1,2023-09-15 12:37:29.684816,348.0,81.0,cash,0,0.26,0,TN
1000,3,2023-11-05 08:25:26.660634,497.0,82.0,card,0,0.467,0,TN
1007,2,2023-11-09 08:15:02.744496,423.0,49.0,card,0,0.515,1,FP
1001,2,2023-09-16 07:51:01.305027,353.0,47.0,cash,0,0.59,1,FP
1010,3,2023-10-21 06:39:21.972494,51.0,11.0,QR,0,0.034,0,TN
1010,2,2023-09-29 17:33:10.431751,398.0,3.0,cash,0,0.195,0,TN
1003,2,2023-11-04 01:21:18.225265,133.0,28.0,QR,0,0.228,0,TN
1005,3,2023-09-18 01:53:33.787457,400.0,69.0,QR,0,0.275,0,TN
1004,3,2023-09-11 07:26:40.955970,299.0,46.0,QR,0,0.182,0,TN
1003,1,2023-09-27 05:21:14.077236,359.0,81.0,QR,0,0.584,1,FP
1007,2,2023-09-24 05:31:38.800032,93.0,8.0,cash,0,0.3,0,TN
1001,3,2023-09-27 23:32:20.922622,205.0,25.0,card,0,0.074,0,TN
1005,1,2023-10-25 19:36:46.548370,395.0,72.0,cash,0,0.355,0,TN
1000,3,2023-11-14 09:58:37.174893,75.0,10.0,card,0,0.495,0,TN
1009,1,2023-11-28 02:24:23.393005,449.0,89.0,cash,0,0.592,1,FP
1000,1,2023-10-06 02:53:41.567036,186.0,41.0,card,0,0.095,0,TN
1000,1,2023-11-26 04:08:51.728137,458.0,93.0,cash,0,0.448,0,TN
1006,3,2023-09-18 09:01:51.121881,288.0,35.0,QR,0,0.44,0,TN
1004,3,2023-11-27 22:35:06.827356,88.0,3.0,QR,0,0.563,1,FP
1006,2,2023-09-28 16:28:31.703504,337.0,43.0,QR,0,0.547,1,FP
1001,3,2023-11-06 16:14:57.465185,118.0,30.0,card,0,0.508,1,FP
1000,2,2023-10-18 17:26:42.504429,14.0,3.0,QR,0,0.262,0,TN
1001,2,2023-10-31 14:56:23.328098,30.0,5.0,card,0,0.442,0,TN
1004,2,2023-10-31 10:18:30.955817,334.0,79.0,QR,0,0.139,0,TN
1000,3,2023-09-21 11:33:04.341486,241.0,21.0,QR,0,0.157,0,TN
1002,1,2023-11-22 14:15:47.846663,140.0,26.0,card,0,0.145,0,TN
1008,2,2023-11-22 08:36:52.172605,333.0,75.0,cash,0,0.095,0,TN
1010,3,2023-10-31 02:48:39.296299,182.0,10.0,card,0,0.03,0,TN
1001,1,2023-11-04 11:44:54.258896,362.0,95.0,card,0,0.4,0,TN
1007,2,2023-09-11 12:09:04.168151,31.0,3.0,cash,0,0.504,1,FP
1008,3,2023-11-21 12:35:56.381182,14.0,4.0,card,0,0.532,1,FP
1009,1,2023-10-23 15:53:04.000438,248.0,5.0,card,0,0.502,1,FP
1008,1,2023-11-24 21:43:06.355033,443.0,123.0,QR,0,0.224,0,TN
1001,3,2023-09-27 15:19:24.311646,360.0,91.0,cash,0,0.229,0,TN
1000,2,2023-12-03 11:25:23.875974,86.0,8.0,card,0,0.324,0,TN
1001,1,2023-10-31 06:39:42.189102,30.0,3.0,QR,0,0.497,0,TN
1004,1,2023-10-06 23:16:15.592388,381.0,78.0,card,0,0.571,1,FP
1002,1,2023-11-28 16:55:34.747163,179.0,54.0,cash,0,0.354,0,TN
1004,3,2023-10-26 04:14:13.202578,418.0,124.0,cash,0,0.122,0,TN
1001,2,2023-10-19 14:22:15.979606,489.0,10.0,QR,0,0.194,0,TN
1009,1,2023-11-10 04:36:17.542631,12.0,1.0,cash,0,0.43,0,TN
1004,1,2023-11-16 05:04:55.883084,354.0,75.0,card,0,0.463,0,TN
1009,2,2023-09-09 06:55:41.940166,148.0,7.0,cash,0,0.317,0,TN
1006,1,2023-09-10 15:34:12.291696,252.0,69.0,cash,0,0.503,1,FP
1000,1,2023-11-11 23:08:59.930540,323.0,75.0,cash,0,0.066,0,TN
1007,2,2023-11-01 04:58:05.379365,235.0,39.0,cash,0,0.036,0,TN
1010,3,2023-09-29 13:21:02.488957,260.0,55.0,QR,0,0.247,0,TN
1004,2,2023-09-07 21:56:07.580465,161.0,14.0,cash,0,0.559,1,FP
1005,2,2023-10-09 06:08:26.351841,418.0,104.0,QR,0,0.315,0,TN
1004,1,2023-10-28 22:12:45.656630,23.0,1.0,QR,0,0.374,0,TN
1003,2,2023-09-21 12:06:47.665530,30.0,4.0,cash,0,0.111,0,TN
1003,3,2023-10-22 22:52:33.513496,340.0,57.0,cash,0,0.461,0,TN
1002,3,2023-11-26 07:41:49.492986,127.0,38.0,cash,0,0.096,0,TN
1003,1,2023-10-21 20:45:12.158800,21.0,5.0,card,0,0.106,0,TN
1010,1,2023-10-19 06:11:09.566376,363.0,6.0,cash,0,0.544,1,FP
1004,1,2023-09-01 23:29:02.282832,345.0,20.0,QR,0,0.399,0,TN
1001,1,2023-11-30 21:30:23.194187,328.0,95.0,cash,0,0.475,0,TN
1008,3,2023-11-13 01:43:15.579177,296.0,45.0,QR,0,0.476,0,TN
1002,1,2023-11-12 12:07:56.045107,360.0,22.0,QR,0,0.124,0,TN
1001,1,2023-10-21 19:14:46.523300,216.0,50.0,QR,0,0.497,0,TN
1001,3,2023-11-14 18:19:13.471896,134.0,26.0,card,0,0.226,0,TN
1001,3,2023-11-08 19:19:56.871937,127.0,24.0,card,0,0.209,0,TN
1005,2,2023-10-14 22:26:11.990377,65.0,14.0,QR,0,0.219,0,TN
1010,1,2023-09-29 08:37:30.925027,138.0,11.0,QR,0,0.28,0,TN
1004,2,2023-11-26 19:15:06.086982,412.0,49.0,card,0,0.566,1,FP
1001,3,2023-09-05 02:28:39.157052,122.0,6.0,QR,0,0.562,1,FP
1006,1,2023-09-27 20:34:27.077237,398.0,44.0,cash,0,0.597,1,FP
1004,1,2023-09-27 17:05:06.400802,325.0,32.0,cash,0,0.016,0,TN
1007,3,2023-11-25 07:55:25.977406,445.0,103.0,QR,0,0.423,0,TN
1009,2,2023-10-11 22:15:04.528149,373.0,51.0,card,0,0.21,0,TN
1010,3,2023-10-27 20:16:23.332971,209.0,47.0,card,0,0.557,1,FP
1007,3,2023-11-17 08:52:05.947109,166.0,32.0,card,0,0.305,0,TN
1002,3,2023-10-23 13:49:58.402483,187.0,49.0,cash,0,0.126,0,TN
1003,3,2023-10-21 09:48:16.146334,194.0,27.0,card,0,0.37,0,TN
1000,1,2023-10-31 16:10:06.484329,319.0,56.0,QR,0,0.153,0,TN
1003,3,2023-11-02 07:24:55.551441,80.0,11.0,QR,0,0.321,0,TN
1000,3,2023-10-15 03:55:56.425810,233.0,47.0,card,0,0.014,0,TN
1009,1,2023-10-18 19:46:22.381641,247.0,39.0,cash,0,0.505,1,FP
1002,1,2023-09-08 03:57:48.749624,229.0,64.0,cash,0,0.057,0,TN
1007,2,2023-10-12 23:09:16.271746,487.0,72.0,QR,0,0.423,0,TN
1005,3,2023-10-24 14:45:17.353949,264.0,19.0,card,0,0.142,0,TN
1009,1,2023-10-19 18:49:50.932637,463.0,94.0,QR,0,0.398,0,TN
1006,2,2023-09-27 09:39:23.808397,325.0,94.0,QR,0,0.506,1,FP
1000,1,2023-11-07 17:54:51.983782,375.0,16.0,card,0,0.468,0,TN
1008,1,2023-09-13 03:29:05.653563,159.0,34.0,card,0,0.017,0,TN
1003,2,2023-09-15 10:03:27.036683,69.0,12.0,card,0,0.125,0,TN
1010,1,2023-11-02 10:42:51.946099,61.0,16.0,cash,0,0.043,0,TN
1006,1,2023-10-27 11:48:31.222965,267.0,73.0,card,0,0.431,0,TN
1007,2,2023-12-01 06:47:45.314372,367.0,108.0,QR,0,0.311,0,TN
1008,1,2023-10-28 14:11:10.469407,374.0,64.0,cash,0,0.198,0,TN
1007,2,2023-09-21 22:34:51.591502,429.0,15.0,cash,0,0.362,0,TN
1004,2,2023-11-26 15:08:32.424691,96.0,28.0,cash,0,0.541,1,FP
1000,2,2023-09-07 02:35:08.458081,402.0,117.0,card,0,0.4,0,TN
1005,2,2023-11-18 20:05:07.245810,12.0,3.0,card,0,0.092,0,TN
1009,1,2023-10-23 19:40:13.684671,338.0,34.0,cash,0,0.1,0,TN
1005,3,2023-10-29 05:57:55.799312,426.0,85.0,QR,0,0.304,0,TN
1000,3,2023-10-14 21:49:22.793807,457.0,126.0,QR,0,0.529,1,FP
1000,2,2023-09-02 16:23:06.528157,242.0,60.0,QR,0,0.473,0,TN
1009,3,2023-09-09 06:20:06.621640,293.0,49.0,QR,0,0.147,0,TN
1007,3,2023-11-27 13:45:04.227908,277.0,56.0,card,0,0.317,0,TN
1002,3,2023-10-06 11:01:14.386515,88.0,22.0,cash,0,0.487,0,TN
1000,2,2023-12-04 00:57:40.243721,307.0,85.0,card,0,0.133,0,TN
1001,3,2023-10-15 11:47:03.638874,270.0,61.0,card,0,0.318,0,TN
1008,3,2023-10-17 14:23:43.234491,306.0,10.0,cash,0,0.04,0,TN
1006,3,2023-11-19 17:04:01.182452,118.0,29.0,QR,0,0.095,0,TN
1008,1,2023-11-14 22:56:41.805371,196.0,31.0,cash,0,0.421,0,TN
1002,1,2023-10-20 08:16:28.192342,427.0,75.0,QR,0,0.477,0,TN
1000,2,2023-09-03 03:07:01.356465,340.0,100.0,QR,0,0.24,0,TN
1006,1,2023-10-19 21:28:31.220315,419.0,25.0,card,0,0.037,0,TN
1005,2,2023-10-20 17:10:21.983168,343.0,25.0,QR,0,0.509,1,FP
1008,1,2023-11-18 21:46:33.040038,239.0,67.0,cash,0,0.069,0,TN
1009,2,2023-09-16 22:44:15.064109,391.0,92.0,QR,0,0.189,0,TN
1005,3,2023-09-11 20:53:15.430875,337.0,88.0,QR,0,0.388,0,TN
1001,2,2023-09-14 03:43:33.377633,466.0,123.0,QR,0,0.062,0,TN
1005,3,2023-09-18 11:39:16.949656,23.0,3.0,QR,0,0.02,0,TN
1010,2,2023-09-19 17:52:13.751441,29.0,0.0,card,0,0.294,0,TN
1001,2,2023-09-30 15:27:21.181341,28.0,3.0,card,0,0.418,0,TN
1007,2,2023-10-15 09:09:02.524969,430.0,37.0,QR,0,0.024,0,TN
1010,1,2023-11-28 20:06:27.128577,200.0,52.0,QR,0,0.557,1,FP
1004,2,2023-12-01 14:50:09.542059,475.0,92.0,QR,0,0.158,0,TN
1005,2,2023-11-03 13:57:32.139323,84.0,0.0,cash,0,0.441,0,TN
1001,1,2023-11-24 21:39:28.621275,164.0,31.0,cash,0,0.369,0,TN
1004,2,2023-09-08 05:43:14.500192,290.0,40.0,card,0,0.537,1,FP
1001,2,2023-11-08 05:36:28.038047,309.0,41.0,card,0,0.44,0,TN
1000,1,2023-12-01 16:57:26.648335,110.0,28.0,card,0,0.319,0,TN
1000,1,2023-09-12 15:34:38.838011,208.0,35.0,cash,0,0.159,0,TN
1009,2,2023-11-14 19:48:03.592647,47.0,11.0,card,0,0.434,0,TN
1007,2,2023-11-10 19:15:00.612026,348.0,1.0,QR,0,0.011,0,TN
1008,1,2023-09-16 12:44:49.458345,306.0,47.0,QR,0,0.095,0,TN
1000,1,2023-09-03 01:25:38.960418,420.0,114.0,QR,0,0.478,0,TN
1001,3,2023-10-24 09:42:38.738386,197.0,25.0,QR,0,0.367,0,TN
1005,1,2023-10-22 04:48:55.574753,215.0,30.0,card,0,0.469,0,TN
1007,3,2023-11-16 16:42:11.356006,389.0,92.0,QR,0,0.239,0,TN
1008,3,2023-11-02 21:29:50.495768,481.0,105.0,card,0,0.078,0,TN
1003,1,2023-10-08 05:48:05.740451,137.0,2.0,card,0,0.03,0,TN
1010,3,2023-10-10 10:34:47.926123,494.0,51.0,card,0,0.551,1,FP
1004,1,2023-11-29 15:48:41.062834,128.0,24.0,card,0,0.459,0,TN
1006,3,2023-11-16 09:37:52.874982,195.0,3.0,cash,0,0.505,1,FP
1002,3,2023-09-27 10:30:24.944120,484.0,45.0,cash,0,0.251,0,TN
1000,2,2023-11-09 04:55:14.834013,122.0,32.0,QR,0,0.171,0,TN
1007,1,2023-09-06 14:01:19.405072,222.0,44.0,cash,0,0.214,0,TN
1008,3,2023-11-23 08:57:13.402193,120.0,33.0,cash,0,0.296,0,TN
1005,1,2023-09-22 12:41:28.587349,384.0,104.0,QR,0,0.003,0,TN
1005,3,2023-11-17 04:16:52.015877,167.0,11.0,QR,0,0.045,0,TN
1000,1,2023-09-26 21:17:03.653379,303.0,62.0,QR,0,0.322,0,TN
1005,1,2023-10-08 16:51:31.343845,387.0,60.0,cash,0,0.323,0,TN
1003,1,2023-12-02 05:37:41.153855,337.0,73.0,QR,0,0.352,0,TN
1008,1,2023-10-08 18:45:33.951179,342.0,20.0,cash,0,0.215,0,TN
1000,3,2023-11-06 12:41:02.619774,194.0,54.0,card,0,0.023,0,TN
1002,2,2023-12-04 12:16:36.775234,334.0,33.0,cash,0,0.424,0,TN
1000,1,2023-10-30 23:54:10.874148,245.0,25.0,card,0,0.145,0,TN
1002,3,2023-11-30 11:05:02.869013,374.0,65.0,cash,0,0.373,0,TN
1005,2,2023-10-20 05:26:31.913390,25.0,4.0,cash,0,0.219,0,TN
1003,3,2023-09-15 16:55:44.925551,257.0,61.0,QR,0,0.355,0,TN
1007,3,2023-09-12 15:20:03.663354,409.0,48.0,cash,0,0.435,0,TN
1010,3,2023-09-23 00:57:59.691575,247.0,13.0,cash,0,0.267,0,TN
1007,2,2023-09-10 09:23:45.360013,135.0,11.0,cash,0,0.54,1,FP
1006,2,2023-10-11 05:49:19.510457,307.0,46.0,card,0,0.119,0,TN
1007,2,2023-11-14 22:09:41.397570,14.0,2.0,card,0,0.164,0,TN
1001,1,2023-11-27 03:43:19.049466,302.0,46.0,card,0,0.031,0,TN
1002,3,2023-10-06 18:02:50.575169,36.0,3.0,cash,0,0.075,0,TN
1003,3,2023-10-30 22:34:47.985594,161.0,13.0,card,0,0.065,0,TN
1005,3,2023-09-14 20:03:24.243745,135.0,20.0,cash,0,0.477,0,TN
1002,3,2023-11-17 20:30:42.696729,434.0,87.0,QR,0,0.475,0,TN
1008,2,2023-10-09 05:05:03.203814,69.0,5.0,QR,0,0.134,0,TN
1005,2,2023-10-05 05:52:24.138613,338.0,43.0,QR,0,0.13,0,TN
1007,3,2023-11-10 11:25:30.162093,313.0,5.0,card,0,0.279,0,TN
1005,1,2023-09-18 22:07:27.055470,434.0,55.0,cash,0,0.393,0,TN
1010,1,2023-11-23 04:25:59.486599,396.0,33.0,cash,0,0.361,0,TN
1007,2,2023-10-02 06:56:26.691882,103.0,2.0,QR,0,0.008,0,TN
1001,3,2023-10-05 12:13:11.811516,370.0,53.0,cash,0,0.406,0,TN
1000,2,2023-11-21 06:18:19.110850,67.0,6.0,QR,0,0.298,0,TN
1009,1,2023-10-01 20:16:31.305604,365.0,36.0,cash,0,0.517,1,FP
1009,1,2023-09-26 13:30:08.984235,447.0,10.0,card,0,0.549,1,FP
1002,2,2023-11-28 04:17:30.350574,91.0,5.0,QR,0,0.215,0,TN
1005,2,2023-10-05 20:40:01.779951,236.0,58.0,QR,0,0.512,1,FP
1006,3,2023-09-02 14:12:21.982286,188.0,25.0,cash,0,0.22,0,TN
1010,1,2023-10-19 12:46:55.512327,345.0,14.0,card,0,0.17,0,TN
1006,2,2023-10-17 08:10:07.509099,466.0,44.0,QR,0,0.192,0,TN
1010,1,2023-10-10 05:49:18.228479,86.0,17.0,card,0,0.27,0,TN
1001,3,2023-09-24 11:16:55.991429,136.0,22.0,cash,0,0.213,0,TN
1004,1,2023-10-16 19:29:27.548693,319.0,17.0,cash,0,0.522,1,FP
1007,3,2023-10-25 11:46:52.535851,462.0,47.0,card,0,0.109,0,TN
1009,3,2023-11-22 18:25:30.306150,250.0,3.0,QR,0,0.072,0,TN
1010,1,2023-11-21 02:22:25.899072,251.0,0.0,cash,0,0.121,0,TN
1007,1,2023-09-19 08:14:39.575933,114.0,8.0,card,0,0.147,0,TN
1000,2,2023-11-03 19:34:57.412867,282.0,41.0,QR,0,0.234,0,TN
1002,2,2023-10-03 07:28:35.171546,422.0,7.0,cash,0,0.127,0,TN
1010,3,2023-09-23 06:42:24.615424,449.0,14.0,QR,0,0.176,0,TN
1009,2,2023-12-07 22:51:15.076652,336.0,33.0,cash,1,0.892,1,TP
1008,3,2023-12-08 23:12:29.802136,364.0,26.0,card,1,0.632,1,TP
1005,1,2023-12-06 12:12:11.929239,333.0,18.0,card,1,0.944,1,TP
1004,1,2023-12-09 12:03:50.906667,489.0,46.0,card,1,0.431,0,FN
1001,3,2023-12-07 09:07:29.359854,481.0,3.0,card,1,0.456,0,FN
1005,3,2023-12-08 07:52:41.700457,343.0,24.0,QR,1,0.962,1,TP
1007,3,2023-12-07 11:07:04.481075,473.0,5.0,cash,1,0.604,1,TP
1010,2,2023-12-05 20:54:35.408327,318.0,48.0,cash,1,0.66,1,TP
1007,3,2023-12-08 03:44:30.299149,415.0,27.0,cash,1,0.954,1,TP
1010,3,2023-12-06 19:16:46.377352,389.0,13.0,cash,1,0.851,1,TP
1000,2,2023-12-06 10:14:27.954591,324.0,101.0,card,1,0.956,1,TP
1010,1,2023-12-08 21:38:59.154503,454.0,18.0,cash,1,0.575,1,TP
1006,2,2023-12-06 07:11:32.821336,349.0,84.0,QR,1,0.667,1,TP
1009,1,2023-12-08 15:14:15.393899,471.0,26.0,cash,1,0.589,1,TP
1002,1,2023-12-06 01:21:04.847179,468.0,61.0,cash,1,0.582,1,TP
1009,2,2023-12-06 04:54:53.465128,327.0,11.0,cash,1,0.941,1,TP
1006,2,2023-12-07 20:55:16.695011,375.0,22.0,cash,1,0.441,0,FN
1003,1,2023-12-06 03:55:33.441790,364.0,2.0,cash,1,0.418,0,FN
1000,1,2023-12-06 09:48:34.463712,437.0,8.0,QR,1,0.973,1,TP
1007,1,2023-12-06 23:59:26.298194,411.0,7.0,cash,1,0.884,1,TP
1002,1,2023-12-07 17:09:49.839696,388.0,11.0,QR,1,0.887,1,TP
1005,1,2023-12-06 15:01:32.387058,479.0,10.0,card,1,0.999,1,TP
1001,3,2023-12-09 04:31:37.092211,447.0,67.0,QR,1,0.868,1,TP
1010,2,2023-12-07 22:32:08.540929,495.0,3.0,card,1,0.983,1,TP
1010,2,2023-12-07 02:02:27.882202,365.0,3.0,cash,1,0.71,1,TP
1003,3,2023-12-09 10:00:16.171881,361.0,90.0,card,1,0.57,1,TP
1008,1,2023-12-08 09:52:57.258785,322.0,48.0,QR,1,0.742,1,TP
1006,2,2023-12-06 09:01:00.622705,333.0,76.0,cash,1,0.754,1,TP
1007,3,2023-12-06 10:27:52.892426,420.0,117.0,card,1,0.419,0,FN
1005,1,2023-12-06 14:22:02.941305,326.0,4.0,cash,1,0.721,1,TP
1008,3,2023-12-09 13:12:03.640486,497.0,11.0,card,1,0.698,1,TP
1003,2,2023-12-06 14:08:10.328598,333.0,10.0,card,1,0.876,1,TP
1007,3,2023-12-06 22:01:00.839776,445.0,29.0,card,1,0.633,1,TP
1000,2,2023-12-07 05:50:53.126791,428.0,25.0,cash,1,0.739,1,TP
1001,2,2023-12-07 00:14:40.553745,421.0,53.0,card,1,0.698,1,TP
1002,1,2023-12-09 00:43:21.434345,395.0,5.0,cash,1,0.682,1,TP
1007,1,2023-12-08 20:57:14.248627,427.0,18.0,cash,1,0.498,0,FN
1003,3,2023-12-06 16:01:39.578396,354.0,133.0,card,1,0.539,1,TP
1003,3,2023-12-09 13:40:18.429292,422.0,1.0,cash,1,0.697,1,TP
1008,1,2023-12-07 05:51:30.699978,479.0,13.0,card,1,0.604,1,TP
1006,1,2023-12-08 20:02:46.765918,474.0,1.0,QR,1,0.844,1,TP
1000,2,2023-12-06 05:14:44.320683,376.0,7.0,card,1,0.737,1,TP
1005,1,2023-12-07 11:06:23.710080,408.0,60.0,cash,1,0.878,1,TP
1006,3,2023-12-07 20:58:20.841641,498.0,7.0,QR,1,0.978,1,TP
1010,2,2023-12-06 17:13:43.644601,393.0,2.0,card,1,0.649,1,TP
1004,3,2023-12-06 20:13:36.099280,488.0,35.0,card,1,0.448,0,FN
1003,2,2023-12-07 05:48:24.907380,376.0,93.0,card,1,0.884,1,TP
1005,1,2023-12-06 06:18:14.449772,432.0,15.0,card,1,0.436,0,FN
1006,1,2023-12-08 17:46:35.913715,449.0,38.0,card,1,0.895,1,TP
1000,3,2023-12-07 09:06:42.372712,497.0,53.0,card,1,0.558,1,TP
